"test","true","u1t.1","u1t.2","u1t.3","u1t.4","u1t.5","u2t.1","u2t.2","u2t.3","u2t.4","u2t.5"
0,0,0.300494011629604,-0.414241431388327,0.391902505121763,0.188104796418528,0.0298338199920377,0.000196223712978811,4.91824537221878e-05,0.000100213266804836,1.02155071797511e-05,-1.72313706294267e-05
0.00333333333333333,0.0213694098462831,0.312436924596011,-0.396708908308804,0.416505993772013,0.196014032038628,0.0533994019991539,-0.0194107550855,-0.00278138230757323,-0.0215806353707343,0.00190294672728914,-0.0246419876498131
0.00666666666666667,0.0434542384702748,0.319612321283972,-0.375527298768572,0.436828975450415,0.206001330229236,0.074032919729672,-0.0364996456628849,-0.00708890873859218,-0.0413671156767922,0.00614105179748813,-0.0453769513959233
0.01,0.0660390991752619,0.322124774826376,-0.351182837554424,0.452491036848637,0.218134189562059,0.0914834977219306,-0.0508505209580829,-0.0128892018162237,-0.0608711052894916,0.0105087072957932,-0.0631892058957417
0.0133333333333333,0.0888936495564965,0.320167566993633,-0.324180117747863,0.463236623524644,0.232430620448247,0.105553034576608,-0.0625580301654726,-0.0199620241152451,-0.0782788174137036,0.016421834559986,-0.0765854834891891
0.0166666666666667,0.111774308996807,0.314012063305744,-0.295031497685744,0.468939486326415,0.248857289573199,0.116100900132158,-0.0721521484400348,-0.0286808751582621,-0.0945490036216454,0.0227769057350765,-0.0868672305163214
0.02,0.134426188501567,0.303995977492723,-0.264247830169785,0.469602792962406,0.267328577482685,0.123047351159202,-0.0794640295192308,-0.0388798879618986,-0.108626362931037,0.0298196847279717,-0.0937103822508193
0.0233333333333333,0.1565852247093,0.290510612231667,-0.232329482775049,0.465355606306627,0.287708489611634,0.126375283737744,-0.0850207356157662,-0.0494473990940289,-0.121371450263122,0.0370759248597165,-0.0981240222613978
0.0266666666666667,0.177980507799561,0.273987698832223,-0.199759035830173,0.45644578431905,0.309812702727443,0.126131595682702,-0.0883090548247252,-0.0619436959891609,-0.132448352857226,0.0444356877039454,-0.0998289285709002
0.03,0.198336790895877,0.254886952023905,-0.166995417497556,0.443230244070487,0.333411706713921,0.122426968859702,-0.090595918358235,-0.0748619462137109,-0.141723869798139,0.0507405890253765,-0.0989863245305488
0.0333333333333333,0.217377166440188,0.233683537608481,-0.134468203425614,0.426161944840131,0.358235787334116,0.115434646279014,-0.0919593633542117,-0.088607338978483,-0.149365334204741,0.057302422183222,-0.0973679485988583
0.0366666666666667,0.234825892908238,0.210856674017493,-0.102573130111469,0.405775320627145,0.383980334788471,0.10538819813249,-0.0923179139780871,-0.102724077661884,-0.155669562538581,0.0618232833498939,-0.0938444425152472
0.04,0.250411353153818,0.186879380082441,-0.0716684963057919,0.382669996676373,0.410311422626733,0.09257833530507,-0.0924510340404895,-0.116709309314864,-0.160678944468249,0.0652056427592541,-0.0893378510788523
0.0433333333333333,0.263869123624531,0.162209527920478,-0.0420726112356981,0.357493524929717,0.436872522749798,0.0773491052657258,-0.0930167058734791,-0.131880985749495,-0.164213797787234,0.0677956296989081,-0.0852990331267707
0.0466666666666667,0.274945131692963,0.137282473227207,-0.0140617655063994,0.330924116559998,0.463290821118993,0.0600928154006113,-0.093672505512939,-0.146312922960954,-0.166935902135241,0.0686471779318296,-0.081278439312462
0.05,0.283398876404494,0.112504919979649,0.0121308540078618,0.303653078200493,0.489184002785748,0.0412446364834007,-0.0953044655029124,-0.160512864855685,-0.168718219824673,0.0673126803536386,-0.0778831552788598
0.0533333333333333,0.289006686065322,0.0882504323591704,0.0363155187242279,0.27636817443199,0.514166666119352,0.0212760515388169,-0.0979076864176605,-0.173971739221294,-0.169750801186172,0.0649949455374091,-0.0755585516328606
0.0566666666666667,0.291564984290067,0.0648562359157466,0.058345363831938,0.249737655089709,0.537856815863335,0.000687576053995423,-0.101142540275685,-0.186904027072699,-0.170000537124164,0.0604823435281291,-0.0744583601344152
0.06,0.290893534405254,0.0426211835541729,0.0781153518430615,0.224395969841514,0.559881883694471,-0.0199991061016144,-0.10662484512063,-0.198011790469034,-0.169977902073383,0.0540373888767805,-0.075121865916831
0.0633333333333333,0.286838630470439,0.021804587581417,0.0955603789530354,0.2009303466769,0.579884607078025,-0.04025010189406,-0.113257050679904,-0.208822441962713,-0.170108300180442,0.0461393220508893,-0.0765536775555323
0.0666666666666667,0.279276201639788,0.00262604278281536,0.110652987381158,0.179869576565358,0.597528269578677,-0.0595286769234339,-0.120441633176223,-0.217400432750357,-0.169850038544213,0.0366132332336272,-0.0803986670802366
0.07,0.268114795150621,-0.0147345430927276,0.12340070549866,0.161673976991449,0.612501589783604,-0.0773055341804525,-0.128627355211267,-0.224818546057071,-0.169371774119727,0.0253642456568606,-0.0856272559577611
0.0733333333333333,0.253298401899143,-0.0301363854128274,0.13384301047334,0.146727341410782,0.624523074070554,-0.0930695248732588,-0.138635069586252,-0.230040053860856,-0.168803689780482,0.0134539146042863,-0.0916031427373597
0.0766666666666667,0.234809087355576,-0.0434772898748514,0.142048321899376,0.135330317506955,0.633344700501279,-0.106338781157474,-0.147697873138711,-0.233774436766484,-0.168784162047138,6.71982712061314e-05,-0.0992097355999616
0.08,0.212669389490621,-0.0546932052452911,0.148111306054543,0.127695583512618,0.638755103725049,-0.116671739407579,-0.157527408162881,-0.2348417172269,-0.168299779113729,-0.0138516927803857,-0.107332253976602
0.0833333333333333,0.186944444444444,-0.0637576413691452,0.152149751134242,0.123944489532536,0.64058215295505,-0.123678311772728,-0.166638899409478,-0.233873825713369,-0.167871283090413,-0.0278663827619086,-0.115653705702859
0.0866666666666667,0.157743799882624,-0.0706819202515383,0.154302601162903,0.124105238940461,0.638694764169902,-0.127030230647953,-0.174017215230382,-0.231118282624806,-0.166685938138115,-0.0425678775149429,-0.124392178113233
0.09,0.125222875369522,-0.0755145896781022,0.154727657221345,0.128112555924878,0.633004081604643,-0.126470586517046,-0.179901265782856,-0.225885473705621,-0.166034688003536,-0.0575935298542243,-0.132155885818648
0.0933333333333333,0.0895840286721301,-0.0783418689676911,0.153599880656334,0.135808939133358,0.623464072373882,-0.121821962638814,-0.183472145148164,-0.218405912320329,-0.164538232125193,-0.0720509115758911,-0.139271400558226
0.0966666666666667,0.0510771867171785,-0.0792872908713503,0.151110212792513,0.146947227868287,0.610071569355422,-0.112992809376721,-0.184378370859323,-0.208425779584764,-0.162267000439938,-0.0862164892619803,-0.144601721641566
0.1,0.0100000000000001,-0.0785112114314037,0.147464031688531,0.161194923522732,0.592865471686002,-0.0999817162165531,-0.18154111541161,-0.196456571627411,-0.159697916257662,-0.100409029273405,-0.14794054816483
0.103333333333333,-0.0333025203657298,-0.0762097322457043,0.142880065383879,0.178139946667618,0.571925630362816,-0.0828790123826682,-0.174476429956151,-0.18246011848084,-0.155467690651103,-0.113347050721861,-0.148997136887699
0.106666666666667,-0.0784389230017244,-0.0726128554102308,0.13758890084185,0.197297992292202,0.547371391850338,-0.0618659908405408,-0.163203962497724,-0.165769242768565,-0.150178886441702,-0.125369691120776,-0.147569949662757
0.11,-0.124972832849072,-0.0679814804988956,0.131831187907462,0.218121459086925,0.51935946831407,-0.0372108802322957,-0.147452792317194,-0.147247840277156,-0.143510290374262,-0.137015772186719,-0.142781272639906
0.113333333333333,-0.172425101049229,-0.0626031132305195,0.125855128558663,0.240010013196318,0.488081771758136,-0.00926231258653053,-0.126149935689888,-0.126397727553985,-0.134799868231091,-0.147479723810517,-0.134876451223895
0.116666666666667,-0.220276622776623,-0.0567863329703146,0.11991349483809,0.262322454407306,0.45376298136068,0.0215601689738204,-0.100267315179205,-0.103890800990931,-0.124133092322017,-0.157294220229344,-0.123762131076132
0.12,-0.267971854483317,-0.0508536535585187,0.11425958896193,0.284390031121548,0.416657903573007,0.0547778738201476,-0.0691544317264371,-0.0798415627546716,-0.112114927444223,-0.166189410853183,-0.108986049186171
0.123333333333333,-0.314923057888852,-0.0451333061598745,0.109142562980472,0.305530721869523,0.377048844663639,0.0898669788918783,-0.0333622165185693,-0.0531136508648732,-0.0968603783284905,-0.173489055963452,-0.0907337640109381
0.126666666666667,-0.360515292814392,-0.0399495532282293,0.104801992302571,0.325064306355442,0.33524292451838,0.126273865116481,0.00690168474244836,-0.0250865408684355,-0.0794925974397804,-0.180072712189778,-0.0686858589325087
0.13,-0.404112174424931,-0.0356122491875427,0.101461645857756,0.342327858874017,0.291569160879025,0.16343150059399,0.0513722457388057,0.00465414413520494,-0.0594915321166534,-0.184875302553528,-0.0434406727065754
0.133333333333333,-0.445062402392053,-0.0324058809637232,0.0993232332075642,0.356691148766415,0.24637570542041,0.200775983549679,0.0991695967059196,0.0362754175512402,-0.0371770716006265,-0.188999895196853,-0.0148030003470218
0.136666666666667,-0.482707059693159,-0.0305786458987574,0.0985599023245831,0.367571558158789,0.200026701897015,0.23776279973181,0.14989182908529,0.0691034321730763,-0.0120067392498213,-0.191219647926914,0.0169345943598578
0.14,-0.516387666983292,-0.0303317536197375,0.0993099817322373,0.374448044027012,0.152899027124226,0.273881614467443,0.202551507230281,0.103489841098158,0.0159952552168501,-0.191799833486358,0.0507578779462855
0.143333333333333,-0.545454964477236,-0.0318103567818908,0.101671745505498,0.376873447215226,0.105378920673893,0.308669801753193,0.257199508747748,0.138983053003266,0.0458126954877328,-0.190869447634052,0.0870991930069935
0.146666666666667,-0.569278376843957,-0.0350954722129019,0.105698861884421,0.374485139187038,0.0578578099654756,0.341723186495319,0.312342921775287,0.17566716745872,0.0784761414298401,-0.18721859084987,0.125453075424582
0.15,-0.587256097560976,-0.0401986373415992,0.111397591253305,0.367013148408897,0.0107282268370204,0.372704512937918,0.366650309229671,0.213371639407296,0.112949692671163,-0.181663610830904,0.165425877865345
0.153333333333333,-0.598825707383331,-0.0470588503735483,0.118725623162967,0.354285752458562,-0.0356210521025447,0.401348755663533,0.420399095379769,0.251793902072957,0.149877254563871,-0.173220115609845,0.206103905444151
0.156666666666667,-0.603475217024299,-0.0555425751513327,0.127592659855712,0.336232331863467,-0.0808101501572526,0.427465286681237,0.471985631073531,0.290850625837864,0.188307187709113,-0.162287457612524,0.247700660256742
0.16,-0.600754396927788,-0.0654468791741638,0.137863313358474,0.312883368431374,-0.124473569540517,0.450937244218613,0.521095031477441,0.329771697857735,0.227918116516349,-0.148163597431275,0.289271396945222
0.163333333333333,-0.590286227413678,-0.0765056300761792,0.149361631030989,0.284367699775881,-0.166266015847057,0.471717820907938,0.566898054952625,0.368886845701695,0.268414086767763,-0.129987022548581,0.33064010817407
0.166666666666667,-0.571778270996064,-0.0883987723246363,0.161877842486192,0.250907132799818,-0.205868125687923,0.489824217854818,0.609025159085261,0.408209102159133,0.309789733150673,-0.108706330239799,0.371593035753214
0.17,-0.545033736077574,-0.100764156820007,0.175176210552625,0.212809027316976,-0.242992145276609,0.505329376515261,0.647035897099441,0.446202596961019,0.351007152032376,-0.0835263652192016,0.411601741389742
0.173333333333333,-0.509961968591383,-0.113211546984194,0.189004382136276,0.170456803472394,-0.277387273809259,0.518352243201707,0.679778471156439,0.483753425345238,0.39188405262317,-0.0544003116546796,0.449239707130721
0.176666666666667,-0.466588076928642,-0.125338114315621,0.203103265033267,0.124299274521068,-0.308844110360376,0.529046962558054,0.708563935933133,0.519252849801162,0.431964793553661,-0.0220019554734959,0.485951048862925
0.18,-0.415061367457729,-0.136744610270205,0.217216950712432,0.0748391249862201,-0.337198612584118,0.537591630265114,0.731910249397857,0.552982609505551,0.470353237792854,0.0150263442337022,0.520082890824731
0.183333333333333,-0.355662245290273,-0.147051727790505,0.231102639073856,0.0226209331488243,-0.362334334383951,0.544177397212133,0.750118367264825,0.584817081078593,0.507172885757107,0.0559632058008875,0.551483954927438
0.186666666666667,-0.288807220190069,-0.155915264760422,0.24453903778082,-0.031780325711538,-0.38418375927753,0.548997848437875,0.763352657008534,0.613625611209959,0.541729138042415,0.100116477377226,0.580114890109162
0.19,-0.215051653425673,-0.163039842693117,0.257333858069711,-0.0877705235288872,-0.402727972893486,0.552239955622865,0.772360740135686,0.639291235625,0.573542841289431,0.147708563858389,0.605835182134759
0.193333333333333,-0.135089890833031,-0.168190379368221,0.269329315826156,-0.144746337589854,-0.417994686238738,0.554076101206852,0.776106722625342,0.661760048894655,0.601947795905935,0.198188409150257,0.62836979184553
0.196666666666667,-0.0497524532164395,-0.171200407957163,0.280405409259425,-0.202104134610992,-0.430054781483214,0.554658167751683,0.775351546446237,0.679563765324282,0.627022786321785,0.250681714347119,0.647517149271699
0.2,0.0399999999999998,-0.171977090945417,0.290481066890578,-0.259247495321892,-0.439017648762032,0.554113227051911,0.770970624482277,0.693817713413056,0.647910125112615,0.305299804460673,0.662835302843372
0.203333333333333,0.133086152336558,-0.170502883777878,0.299513053445725,-0.315593232064671,-0.445024843218003,0.552541384108869,0.76244432114692,0.703171750420153,0.663704189600714,0.360924992820678,0.674112968277616
0.206666666666667,0.228317088075069,-0.166833367092676,0.307492696472858,-0.370576161999455,-0.4482432874016,0.550015264611621,0.751158169447808,0.707257901040681,0.675702832372251,0.417202016506439,0.681419452997869
0.21,0.324412948453327,-0.161091653058673,0.314440605625852,-0.4236526508442,-0.44885762800407,0.546581428588504,0.736409339622991,0.707155673309321,0.682718753375499,0.472941835387743,0.684679169673417
0.213333333333333,0.420023079895098,-0.153459920234226,0.320400263350396,-0.474303317434649,-0.44706238376715,0.542263001176223,0.719250665675035,0.701808311804387,0.684075562046839,0.527648815337005,0.68426073646585
0.216666666666667,0.513749423697556,-0.144168067628819,0.325430321404878,-0.522034976436318,-0.443054514479221,0.537063605148934,0.699374013285859,0.690907305241064,0.680222240997549,0.580402856917354,0.679425614327105
0.22,0.604172742334033,-0.133480881616914,0.329596778042619,-0.566382325417503,-0.437026237022573,0.530972015063839,0.677533841447606,0.675284674882802,0.671315588808694,0.630670119434826,0.670431483058703
0.223333333333333,0.689881120877349,-0.12168360149913,0.332964883259589,-0.606909519407153,-0.429159454172568,0.523967232224105,0.653518401845671,0.654569535687679,0.656167708385074,0.67673322259172,0.657200527205486
0.226666666666667,0.769500032254731,-0.109067642727607,0.335592458676672,-0.643212117086102,-0.419620549552861,0.51602363238809,0.628243694632334,0.6291063980569,0.636127447416389,0.719041436927753,0.639971482592168
0.23,0.841723122440471,-0.0959164177213413,0.337523556809634,-0.674919274543796,-0.408557634280445,0.507115787030885,0.600427166914596,0.598792337064587,0.610505549430515,0.756174502509165,0.618841783103631
0.233333333333333,0.905342766940072,-0.0824927417087489,0.338784590678528,-0.701696839775468,-0.396098667842057,0.497222713186225,0.571061365585699,0.564576597238874,0.579220756377054,0.787093796350622,0.594632623535699
0.236666666666667,0.959279383081516,-0.0690280705282618,0.339381887392212,-0.72325092752217,-0.382351595171932,0.486331159721869,0.540434856512404,0.526032042922471,0.542652671346609,0.811908718080988,0.566128811166067
0.24,1.00260846213747,-0.055714261772599,0.339301376692285,-0.739332289369461,-0.367405997717963,0.474437918949154,0.507791457754201,0.484470017780858,0.501866037941988,0.830298361264447,0.533973251140025
0.243333333333333,1.03458431694831,-0.0426983260205885,0.338510591979792,-0.749741377309994,-0.351335867270418,0.461550947217359,0.473094424753695,0.439763613784584,0.455611213239865,0.840944472360994,0.499073491839301
0.246666666666667,1.05465962679416,-0.0300804060957332,0.336962338932368,-0.754333708226996,-0.334203842548713,0.447689281912249,0.436584654762701,0.392522779674003,0.405186347265772,0.844318224007165,0.461545549844484
0.25,1.0625,-0.0179149646454101,0.33460020575902,-0.753025608015309,-0.316065579664625,0.432881865472582,0.398716021938723,0.343155817429357,0.351663780668446,0.839251966650485,0.420754121975927
0.253333333333333,1.05799296012749,-0.00621498779755429,0.331365248638231,-0.745799697837552,-0.296975087708911,0.417165333607426,0.358371371667103,0.292697789090186,0.294008026169383,0.826981609775862,0.37831220283384
0.256666666666667,1.04125098361498,0.00504084710918971,0.327203544152621,-0.732710189259865,-0.276989341741286,0.40058112031437,0.316094939428001,0.240544712771018,0.233772329964779,0.806730004132103,0.333442063870891
0.26,1.01260846213747,0.0158989577284426,0.322073738704381,-0.713887044955426,-0.256172940511859,0.383171962398019,0.272129629897586,0.188284389755763,0.171714890789992,0.778687580972978,0.286879310423011
0.263333333333333,0.972612716414848,0.0264196648466882,0.315954588066892,-0.689539333691602,-0.234601435464545,0.364978258994896,0.22615402569452,0.136003167836039,0.10742664709557,0.743466820017992,0.239555371382348
0.266666666666667,0.922009433606739,0.0366653191593545,0.308851445148505,-0.659956722491015,-0.21236370906074,0.34603454254045,0.178832025668272,0.0836538092476901,0.0429763926317639,0.700815931959777,0.19026308099502
0.27,0.861723122440472,0.0466880361168617,0.300801350497851,-0.625509293343721,-0.189563122355917,0.326366351524768,0.130569969559343,0.0322900407569469,-0.0216603791197456,0.651140623432399,0.141280878894121
0.273333333333333,0.792833365588064,0.0565179349095474,0.291876764763046,-0.586645199772322,-0.16631668153775,0.305987813319798,0.0810855179740732,-0.0182416638088404,-0.0861575065466015,0.596085604531293,0.092025582845518
0.276666666666667,0.716547787544016,0.0661529328423331,0.282186854409211,-0.543885915096564,-0.142753293364964,0.284900276772142,0.0304876284618635,-0.0669144288594455,-0.148925485547317,0.535361453108565,0.0424444929505714
0.28,0.634172742334033,0.0755502123539864,0.271877009189751,-0.497819099795509,-0.119010209139173,0.263091909399995,-0.0195838027740616,-0.113917763482818,-0.209654165514018,0.469673953141093,-0.00626892256710439
0.283333333333333,0.54708275703089,0.0846204383701454,0.261126134059358,-0.449089080643514,-0.0952285017724569,0.24053864152488,-0.0697389592359902,-0.159111132092411,-0.266871502656258,0.400635240168725,-0.0537166947387134
0.286666666666667,0.456689746561764,0.0932248390588376,0.250141923213266,-0.39838492806637,-0.0715476732208439,0.217206317111149,-0.118960011276922,-0.202512113520951,-0.321173358409439,0.327934726547525,-0.100326881540976
0.29,0.364412948453325,0.101175421879306,0.239154462706783,-0.346426552063869,-0.0480997098695238,0.193053926617858,-0.166846988534812,-0.242819729922913,-0.370911909167743,0.253456692388217,-0.145696741842553
0.293333333333333,0.271650421408402,0.108238626082753,0.228408359171629,-0.293949025194737,-0.0250031875227816,0.168038033051219,-0.212731011433427,-0.280426317904745,-0.41613062972226,0.177485675520086,-0.188134182919174
0.296666666666667,0.179752819003223,0.114141782236408,0.218154128789783,-0.241685743092586,-0.00235757202755173,0.142117732288412,-0.256366418291982,-0.315792493992274,-0.456173300738446,0.101028981301023,-0.229313940653295
0.3,0.0899999999999988,0.118582868119082,0.208638585574573,-0.190350853895634,0.0197613366226762,0.115260227006839,-0.29713114282814,-0.347851821829886,-0.490290906215419,0.025884368666131,-0.268287176978975
0.303333333333333,0.00358088011689363,0.121242232100309,0.200095804682453,-0.14062159081107,0.0413050795470306,0.0874466184602298,-0.334518106645708,-0.377446606276915,-0.518388061214173,-0.0474338221883104,-0.304282544719318
0.306666666666667,-0.0784232241663652,0.121796386950256,0.192737987342804,-0.0931214438595571,0.062254535997259,0.0586772903448466,-0.368202533788289,-0.403192578627941,-0.540455218228392,-0.118234689165638,-0.337978670586163
0.31,-0.155051653425672,0.11993269714022,0.186747483986051,-0.0484044683696207,0.0826202770928227,0.0289769614634935,-0.398371866784614,-0.426029951546512,-0.556219474582637,-0.185115345923778,-0.368567689203335
0.313333333333333,-0.225473886856736,0.115364651437011,0.182269525082187,-0.00694169778295059,0.102440979140778,-0.00160125634139727,-0.423689401603793,-0.44584606167997,-0.564880662930443,-0.247745705673325,-0.395368846586868
0.316666666666667,-0.288995578623607,0.10784639883888,0.179406899386754,0.0308898001757218,0.121780172504027,-0.0329729712157466,-0.445195623572823,-0.461682033641541,-0.567650580797518,-0.304840634538839,-0.420155129267255
0.32,-0.345061367457729,0.0971863036905556,0.17821561016228,0.0648147623849636,0.140721279403594,-0.0650208632837829,-0.46166272534828,-0.474100792914413,-0.563882984174016,-0.356084162013584,-0.440725146368533
0.323333333333333,-0.393254743595309,0.083258647523035,0.178702496455135,0.0946639947936835,0.159361123753684,-0.0975946499838975,-0.474489851319652,-0.482946953596773,-0.553868066596239,-0.40055769873467,-0.458509154942888
0.326666666666667,-0.433295301924716,0.0660126160546381,0.180824341317314,0.120374882030735,0.177802874329398,-0.130512611532992,-0.482968075807815,-0.488643241193296,-0.537639445636368,-0.437742624887919,-0.472227271419258
0.33,-0.465033736077573,0.0454787593908917,0.184488310671835,0.141988128646552,0.196147979172715,-0.163564609873846,-0.487568825902704,-0.49030591461208,-0.515834547668936,-0.466980779094578,-0.482179968297008
0.333333333333333,-0.488444937662731,0.021771911401288,0.189554023443986,0.159640629751943,0.214488402818122,-0.196516585111049,-0.488394135919691,-0.488491557457951,-0.488511926812162,-0.488270128518795,-0.488239128385832
0.336666666666667,-0.50361956074701,-0.00490902003341897,0.195836552567283,0.173555097859554,0.232899363524051,-0.229116170732026,-0.486206713064995,-0.482897752863058,-0.456288067672752,-0.502031688891463,-0.491072369495924
0.34,-0.510754396927788,-0.0342845538617636,0.20311036635757,0.184026654796324,0.251433008760006,-0.261099455128703,-0.480657529070337,-0.474093826486854,-0.41858691956607,-0.506598741724023,-0.489103105483943
0.343333333333333,-0.510141883690965,-0.0660012533516702,0.211114273536721,0.191407152565474,0.270113841111305,-0.29219828837939,-0.472848530812208,-0.46114038862526,-0.377336570590413,-0.503721350515933,-0.483578278837407
0.346666666666667,-0.502159040716664,-0.099641087149589,0.219556681134386,0.196087882291531,0.288936071031792,-0.322147951457119,-0.462481957780894,-0.445511313582563,-0.331478547199411,-0.492404099570912,-0.474008724614464
0.35,-0.487256097560975,-0.1347329378195,0.228121436356479,0.198481510186022,0.307863018763,-0.350694871839103,-0.450950870140942,-0.426199860551484,-0.282287429942304,-0.473756149641715,-0.460442059827668
0.353333333333333,-0.465945043510623,-0.170766043654973,0.236474043035279,0.19900400856765,0.326829112447487,-0.377603869524731,-0.437281559011012,-0.404428690571597,-0.230133555561704,-0.447310489663585,-0.442530695178498
0.356666666666667,-0.438788297810569,-0.20720437679227,0.244267832992862,0.198057604856413,0.345744135863367,-0.402664910530154,-0.422333978434986,-0.37968434030193,-0.17527520421867,-0.414752343604886,-0.421027735271489
0.36,-0.406387666983292,-0.24350181858058,0.251150811364548,0.196015255012996,0.364499672355431,-0.425698617172021,-0.406135344085498,-0.352161504027879,-0.117840281028725,-0.375981991222053,-0.395779433556778
0.363333333333333,-0.369373726359826,-0.27911703344104,0.256772312261706,0.193207382717796,0.382977275419287,-0.446560946192699,-0.389859637711023,-0.32283898343032,-0.058775069527519,-0.331674648610522,-0.367268010809663
0.366666666666667,-0.328395735725386,-0.313528059776295,0.260790063510756,0.189911492143597,0.401058263005741,-0.465146230538275,-0.371487477952226,-0.291420959607642,0.00131263827842754,-0.282524574136782,-0.335437667278595
0.37,-0.28411217442493,-0.346245807802038,0.262877264434175,0.18634499641129,0.418633950965002,-0.481389018106803,-0.352824908902749,-0.258199736746376,0.0621665152835953,-0.229528123575589,-0.300784044913174
0.373333333333333,-0.237181959481058,-0.376826173677083,0.262730012643573,0.18266123051905,0.435616315506053,-0.4952642519663,-0.332862706934143,-0.223242777466566,0.122904772292465,-0.17318557944743,-0.263302499486534
0.376666666666667,-0.188256391222185,-0.404880631676616,0.260074743470328,0.178948875537508,0.451947978966794,-0.506786209674135,-0.312280753069817,-0.187880865838378,0.183409439362777,-0.114529826475574,-0.2239754623485
0.38,-0.137971854483317,-0.430084863282885,0.254675667018485,0.175234685825601,0.467610830562911,-0.516006000164221,-0.289822692118661,-0.151357827704741,0.242672157680151,-0.0548048783339645,-0.182507128424126
0.383333333333333,-0.0869432894432894,-0.45218571800211,0.246342355704936,0.171488694272713,0.482633163818116,-0.52300801676344,-0.266782052681813,-0.113850547846153,0.300196819952376,0.00572676354594273,-0.140326647077456
0.386666666666667,-0.0357584343825621,-0.471005826940471,0.234936567271816,0.167632128603851,0.49709390909975,-0.527905357845899,-0.241116687112404,-0.0767867957029521,0.355380875142714,0.0656589827139064,-0.0974645577221419
0.39,0.0150271671509281,-0.486446792670993,0.220379092192812,0.163546934167917,0.511124579306242,-0.530834502175337,-0.213641742200869,-0.0396660144826628,0.406983133189271,0.125005354135566,-0.0546345123178298
0.393333333333333,0.0648944103316092,-0.498490103412717,0.202655484269031,0.159086507612523,0.524908066158147,-0.531949590641424,-0.184413796237736,-0.00157061470431091,0.455424655710136,0.181916473477675,-0.0114271229475106
0.396666666666667,0.113364146300937,-0.507196309433135,0.181820881920107,0.15408705774403,0.538674227513084,-0.531416396050056,-0.152711324849597,0.0350532368558301,0.499595001845782,0.23674942026662,0.0304789188818992
0.4,0.16,-0.512702757353109,0.158003431511411,0.148378831817616,0.552692928189001,-0.529406166388996,-0.118321948007749,0.0716815889999171,0.538703415672227,0.287914036392157,0.071511060686959
0.403333333333333,0.204410520050512,-0.515219346253149,0.131406234346525,0.141796845103643,0.567264272847787,-0.526089872461343,-0.0812809189467542,0.107859546972389,0.572316456026674,0.335727428957825,0.111520360871768
0.406666666666667,0.246250695338797,-0.515022977403073,0.102307224595809,0.134190465919747,0.582706802200189,-0.521632671937375,-0.0418058016392206,0.143231105260861,0.600274198850196,0.378795692822773,0.149548311463723
0.41,0.285222875369523,-0.512450577251671,0.0710572001874393,0.125431668780314,0.599344307294388,-0.516188970369247,0.000213785114249992,0.177769229211984,0.621815650669302,0.416937321091706,0.185549657360175
0.413333333333333,0.321077133215958,-0.507890738172308,0.038075554154007,0.115421519816722,0.617491839247144,-0.5098981830465,0.0441023687763384,0.210988280398147,0.637355001796232,0.450300947114338,0.220308837507233
0.416666666666667,0.353611111111111,-0.501774178709346,0.00384376801615677,0.104094977786845,0.637441328596843,-0.502881183850792,0.0904866868701229,0.244374123194232,0.645881340333773,0.477605451851836,0.253221991572757
0.42,0.382669389490621,-0.494563286545833,-0.031103251054896,0.0914237392910199,0.659448433893353,-0.495237633462744,0.138350786751232,0.276507139623399,0.647890192296801,0.49927361239587,0.284071808540184
0.423333333333333,0.408142420688909,-0.486740705909909,-0.0661879055726936,0.077417514050454,0.683720198229697,-0.487044154683279,0.187261467657789,0.308072245481353,0.643491707590963,0.514911699450167,0.313893787884803
0.426666666666667,0.42996506856581,-0.478797411507502,-0.100802610255632,0.0621235472103712,0.710404870600711,-0.47835340143702,0.236841296968062,0.338441792640242,0.632333913223865,0.525151699535548,0.341910447740333
0.43,0.448114795150621,-0.47122053547669,-0.134323775385813,0.0456249095341041,0.739584109574275,-0.46919391942694,0.286611238644932,0.368212291769994,0.615043929364974,0.529009437315476,0.369336076022665
0.433333333333333,0.462609534973122,-0.464481153456568,-0.166127336405283,0.028037476608434,0.771267614010942,-0.459571001196513,0.33562707416328,0.396952297219045,0.592690850674085,0.527516570053281,0.39620440875543
0.436666666666667,0.473505297137106,-0.459022494135165,-0.195604678171792,0.00950624733601945,0.805390815074046,-0.4494682194008,0.383402122260376,0.424910455931618,0.564909797642183,0.520658732734308,0.422903368167109
0.44,0.480893534405254,-0.455249005457889,-0.222178795474499,-0.00979916222027324,0.841815146812175,-0.438849805822146,0.42904669553324,0.451653142781033,0.533274029089647,0.508441041519121,0.449497141057209
0.443333333333333,0.4848983176234,-0.453516540946479,-0.245320529152167,-0.0296893115411033,0.880331044427976,-0.42766373778027,0.471958687703782,0.477377308410545,0.498132924083596,0.492088392822138,0.47631730055752
0.446666666666667,0.485673352731989,-0.454124104866775,-0.264563455568078,-0.0499599548807376,0.920662987740338,-0.415845462265013,0.511461709384858,0.501484732220929,0.459504553794359,0.471126436508277,0.50381580216375
0.45,0.483398876404494,-0.457307532128836,-0.279517911458387,-0.0703971549628955,0.962476699963774,-0.403322140677354,0.547036446865514,0.524302027455039,0.419833094633024,0.446619824291077,0.531845560377247
0.453333333333333,0.478278465026297,-0.463235145082179,-0.289882960817669,-0.0907822509145586,1.00538755506766,-0.390017398111321,0.57762866661659,0.545918196049131,0.378959342581597,0.419083539026035,0.560868428500902
0.456666666666667,0.470535790291197,-0.472005853067764,-0.295456454368508,-0.110896690348476,1.04896993628482,-0.375856306453831,0.603422406267107,0.565261194141597,0.338024998733804,0.389227445819183,0.590439785486279
0.46,0.460411353153818,-0.483649462323014,-0.296142197174667,-0.13052667857167,1.09276708002092,-0.360770589330548,0.623802383158169,0.582766727191149,0.297654714957369,0.357786636133466,0.620441614881133
0.463333333333333,0.448159226241571,-0.498129374171737,-0.291954913578711,-0.149467284349779,1.13630083122186,-0.344703729205553,0.638414786652359,0.597779978587275,0.259465796503789,0.325248640845117,0.650669154618917
0.466666666666667,0.434043833106855,-0.515347161164294,-0.283021795789029,-0.167526595341367,1.1790811668174,-0.327615839646204,0.647330126654664,0.610879468072852,0.222978198007451,0.29217791157039,0.680929849111371
0.47,0.418336790895877,-0.535149210996431,-0.269581442453286,-0.18452910628192,1.22061508380021,-0.309488133871648,0.65053828951108,0.62067998338006,0.189772270880974,0.259234057928894,0.709886139578499
0.473333333333333,0.401313841132894,-0.557334404861501,-0.251979793972738,-0.200318832977252,1.26041480828963,-0.290326654903006,0.647872875732378,0.627947229295526,0.160527184459389,0.228045171936784,0.738014770424725
0.476666666666667,0.383251891375966,-0.581663063743665,-0.230663274892538,-0.214761932485481,1.29800514669548,-0.270165106849952,0.640095074304709,0.632150340552821,0.135099474206631,0.197692960745821,0.763821032123686
0.48,0.364426188501567,-0.607865984290658,-0.206169428735944,-0.227748684701531,1.33293025514277,-0.249066579197199,0.627416038004048,0.633308248331026,0.113777698936847,0.169705254991656,0.787665593562884
0.483333333333333,0.34510764233014,-0.635653355863275,-0.179115251827938,-0.239194773784438,1.36475972930463,-0.227123955299072,0.610423903991395,0.631036848355978,0.0967994118450964,0.144056431731635,0.807962305967212
0.486666666666667,0.325560316223163,-0.664723135122791,-0.150183477482186,-0.24904206407422,1.39309434968554,-0.204459005790344,0.588769339924603,0.625454542613855,0.0846912453471212,0.121479664584487,0.824464223724968
0.49,0.306039099175262,-0.694768111032028,-0.120107366773761,-0.257258435478483,1.41757151825547,-0.181219867064107,0.564768547207903,0.616995552432749,0.0771323253514347,0.102088886136819,0.836195583658305
0.493333333333333,0.286787571803608,-0.725481399704378,-0.0896540811348973,-0.263837042661928,1.43787063166817,-0.157577149214757,0.537586302073353,0.605228753522819,0.0737756473404953,0.0861814662805918,0.843201280061122
0.496666666666667,0.26803607651295,-0.756560265157248,-0.0596074313596234,-0.268794659944931,1.4537186071128,-0.133718783296863,0.50881841972296,0.590479854052278,0.0739934355807861,0.0737620292066921,0.844255440843259
0.5,0.25,-0.787708041167652,-0.030749776878821,-0.272169493701427,1.46489530629466,-0.109843398274998,0.478384485708048,0.573042508562805,0.0776762328956467,0.064993607143965,0.839401021051408
0.503333333333333,0.232878274167701,-0.818633879876047,-0.00384411175364313,-0.274018399135597,1.47123907966956,-0.0861531620554967,0.44768460203533,0.552908409960248,0.0844269683600447,0.0599612555832484,0.82837437206547
0.506666666666667,0.216852099460182,-0.84905110934003,0.0203838288596009,-0.274413559248715,1.47265230354103,-0.0628456960070653,0.417328658658518,0.530540591227824,0.0939302346183347,0.0578710233175753,0.811406986586088
0.51,0.202083892615097,-0.878674137340048,0.0412629055162735,-0.273439063680701,1.46910632396079,-0.0401060230973035,0.387106424525759,0.506587590811975,0.104674978657799,0.0596239965689864,0.787667079917228
0.513333333333333,0.188716458873333,-0.907214165574985,0.0581929365777968,-0.271187168169943,1.46064610986254,-0.0180986798373341,0.358492497216491,0.480901140076626,0.116869876283027,0.0634643465208539,0.758821786980376
0.516666666666667,0.176872386798327,-0.934374733532416,0.0706600801782859,-0.267755040099629,1.44739356395927,0.00303948690087739,0.331049765640459,0.454366808266029,0.129297756106444,0.0704379347274497,0.723803332756625
0.52,0.166653662049479,-0.959847304063708,0.0782503655951669,-0.263241528458686,1.42954969405073,0.0232053212033682,0.30568026515304,0.426387716303824,0.141591715493832,0.0789091773119788,0.684229178130571
0.523333333333333,0.158141494737017,-0.983307510391014,0.0806616574585025,-0.257744657323673,1.40739487374484,0.042333862445825,0.282193483558383,0.398672355338605,0.152776959172699,0.0892067341288749,0.639552382216108
0.526666666666667,0.151396353368919,-1.00441278907709,0.0777132977524715,-0.251359844573613,1.38128710353681,0.0604009058201791,0.260867577191181,0.37014100422378,0.163537310132704,0.100806355515468,0.591964082190936
0.53,0.146458196893288,-1.02280151904813,0.069353203522707,-0.244178803393774,1.35165771194596,0.0774234785681018,0.242012110742651,0.343061684687974,0.171990128035607,0.111751854506406,0.541724292284694
0.533333333333333,0.143346894950238,-1.03809462518905,0.0556621542403379,-0.2362895246783,1.3190047848667,0.0934579872881406,0.225751410523505,0.315850017184385,0.179086791988798,0.123791132006268,0.48919586265101
0.536666666666667,0.142062825183092,-1.04989893940657,0.0368549221592295,-0.227776865897709,1.28388369288818,0.108596144462522,0.211654090999465,0.289562992177859,0.183595239608999,0.135126386681909,0.436438025665902
0.54,0.142587635326029,-1.0578134012136,0.0132779570112874,-0.218724278321446,1.24689549166525,0.122958476171766,0.198956540963807,0.264094759683868,0.185571612769039,0.14504571220388,0.383587702346218
0.543333333333333,0.144885156789435,-1.0614369770974,-0.0145965470117467,-0.209215816094906,1.20867269536966,0.136686137550468,0.189300044650698,0.240283448300545,0.185745541959598,0.154014551638312,0.33220790040689
0.546666666666667,0.148902455609404,-1.06037895334432,-0.0461800773746734,-0.199338921033749,1.16986350985901,0.149930921504591,0.180956127078106,0.218480682674134,0.183435209008487,0.160713561289115,0.282190807030451
0.55,0.15457100591716,-1.05427018114403,-0.0807811951247601,-0.189187186798572,1.13111444501706,0.162844182058218,0.175000740246237,0.197873700484075,0.179092270918052,0.165099159189284,0.235918656962352
0.553333333333333,0.161807970519615,-1.04277582022497,-0.117622148656935,-0.178863163651527,1.09305231446526,0.175565073600853,0.170012062281285,0.178582655857846,0.172549332894012,0.167291233824113,0.193307879301835
0.556666666666667,0.17051757276454,-1.02560787341911,-0.155858698638077,-0.168480794520694,1.05626594790968,0.188208838332774,0.166717076970224,0.162330656340356,0.164898120430159,0.166942361478237,0.155216393658874
0.56,0.180592543592645,-1.00253777232692,-0.194602708749122,-0.158167111410506,1.02128859455504,0.200855703078875,0.164755911681713,0.146975572912782,0.155814139490197,0.163882447963903,0.122323916367345
0.563333333333333,0.191915627552657,-0.973407835570268,-0.23294674950403,-0.148063096985306,0.988581433733036,0.213540781850365,0.164086062738489,0.134508208761873,0.146223238429042,0.158066888794157,0.0947890699111227
0.566666666666667,0.204361131571567,-0.938141197385388,-0.269989881297166,-0.138323453713635,0.958519058326738,0.226246024625206,0.164838455982884,0.123348490324822,0.136203703724592,0.149873359862991,0.072554130619812
0.57,0.217796500426956,-0.89674975296993,-0.304863812039756,-0.129115027432195,0.93137733166177,0.238894213223584,0.16675183515195,0.115238607379178,0.12621609489545,0.139447991058443,0.0568112384398214
0.573333333333333,0.232083903156826,-0.849339663941518,-0.336758506859073,-0.120613956656999,0.907324260482085,0.251345702405364,0.170406280938814,0.108999259906424,0.117202292104471,0.126790995701437,0.047126856354097
0.576666666666667,0.247081815058904,-0.796114298298344,-0.364946091078072,-0.113001571621816,0.886414067233532,0.263398159352386,0.175132406266142,0.105090326664916,0.109334570872863,0.112088183797224,0.0428430424841326
0.58,0.262646580469224,-0.737374291933984,-0.388802199408629,-0.106458991882296,0.868584868784999,0.274789229838469,0.180696936046391,0.10352822878281,0.102203948412385,0.0961850402573829,0.0442429915898511
0.583333333333333,0.278633942161339,-0.673515103728633,-0.407823639984889,-0.101160905866088,0.853660061224983,0.285202647635931,0.188044454804093,0.104382186926311,0.0974374616940543,0.0794296822608579,0.0511450756492262
0.586666666666667,0.294900523964399,-0.605021787922927,-0.421641935132722,-0.0972685126123911,0.841353022264874,0.294276960627613,0.19718390790082,0.107714844604307,0.0944919734868347,0.0621595393809318,0.0625166957590312
0.59,0.311305254051373,-0.532461690340817,-0.430031663587837,-0.094922197515309,0.831275726115478,0.301617115596172,0.207042413165803,0.113543893458063,0.0940520409615521,0.0456214454061861,0.078645074060969
0.593333333333333,0.327710717288333,-0.456474975430952,-0.432913764304363,-0.0942342057158403,0.822950122043069,0.306808524327496,0.218843146844052,0.121823581078464,0.0962360272453433,0.029181132555384,0.0979096653385788
0.596666666666667,0.343984426051475,-0.377763568938595,-0.430353067941166,-0.0952817683850413,0.815822594417109,0.309432602332973,0.2317073380501,0.132346847503668,0.100819998728671,0.0145387881251838,0.121001320481957
0.6,0.36,-0.297078880944779,-0.422550605685321,-0.0981011450565492,0.809280667827711,0.309083681320348,0.246040864786678,0.145109911315067,0.1076849968916,0.00153807362024377,0.145815197638402
0.603333333333333,0.375638246428807,-0.215208616337133,-0.409830890164295,-0.102682785683938,0.802671690913178,0.305386598380822,0.261287416319906,0.160131709676273,0.117490068027423,-0.00861774366634277,0.172675283928633
0.606666666666667,0.390788134004155,-0.132963072929853,-0.39262472870616,-0.108968161747315,0.795322594601413,0.298013911054566,0.277626419473525,0.177639934700005,0.129693671742867,-0.0162154151325321,0.200901923577023
0.61,0.405347653896426,-0.0511610934612786,-0.371448721169133,-0.116848311992728,0.786560578859127,0.286702336262508,0.295165440268503,0.19632845505468,0.144590033848147,-0.0199263376004936,0.22945265815451
0.613333333333333,0.419224563555523,0.0293837708998962,-0.34688190521335,-0.126164449292009,0.775733710770637,0.271267790612038,0.313222061237059,0.217153140913113,0.161502211357953,-0.0204151931692406,0.258748030115159
0.616666666666667,0.43233700961489,0.107876863925177,-0.319541219981689,-0.136710505024072,0.762231071204459,0.25161820673109,0.332329232344726,0.239047782070334,0.180220062823562,-0.0165638020579313,0.287203945737142
0.62,0.444614027648385,0.183555572947278,-0.290056723592568,-0.148237750739291,0.745501792499436,0.227763683761294,0.351839085759634,0.262114349951746,0.20087952768033,-0.00825106174224965,0.31490253095907
0.623333333333333,0.455995917729306,0.255701542748671,-0.259047581099142,-0.160461214466885,0.725072424702018,0.199823632096681,0.371206754412311,0.28560101163013,0.22320571975417,0.0046122351793631,0.341277831225074
0.626666666666667,0.466434495942249,0.323652239305529,-0.2271003101992,-0.173067640617171,0.700561907871362,0.16803039305288,0.390107187837036,0.309520680186739,0.246088056255197,0.021878190761647,0.366218358316678
0.63,0.475893223165809,0.386811075571044,-0.194749802774015,-0.185724857883074,0.671694339353699,0.132729448928821,0.40888982253872,0.333857299915413,0.270532137780967,0.0438413827789629,0.390058382546731
0.633333333333333,0.484347213567967,0.444656452085416,-0.162464453216437,-0.198091871251807,0.638308266054903,0.0943758060829837,0.426795671070568,0.357346529784319,0.295592139218478,0.0704490035117599,0.411246878433027
0.636666666666667,0.49178312632706,0.496749140357785,-0.130635130444811,-0.209829589223774,0.600362835733719,0.0535270607179737,0.444204784979561,0.380662923936174,0.320714228080286,0.100962994892718,0.43019076812372
0.64,0.498198945101277,0.542738000990104,-0.099569398665556,-0.220611412742134,0.557940364657253,0.0108330634596349,0.460050220323085,0.402139530006194,0.346097768383055,0.136071623089737,0.447362877511942
0.643333333333333,0.503603650710829,0.582363823430526,-0.0694899845469084,-0.230133450655204,0.511245264226286,-0.032977268199728,0.473965559673814,0.422933231984666,0.370833087312936,0.174697020918291,0.462896095656216
0.646666666666667,0.508016793362524,0.615461230568523,-0.040538023683068,-0.238124006961239,0.460599232824898,-0.0771116951992004,0.486611640153186,0.441740826714457,0.394420205174821,0.217090659904752,0.475995114467119
0.65,0.511467971530249,0.641958519779198,-0.012780360125817,-0.244351691390255,0.406432969845212,-0.120732253017663,0.497540605984515,0.458856627715633,0.418031417142348,0.262111606144975,0.486982016429253
0.653333333333333,0.513996225301703,0.661875383880878,0.013779764928978,-0.248632217678472,0.349274480552402,-0.162974255050397,0.505781025243974,0.474329413855391,0.440688982780474,0.309279952380027,0.496164148041328
0.656666666666667,0.515649352607216,0.675318888011041,0.0391891833907574,-0.250833388533584,0.289734547980389,-0.202966050163397,0.512235834660442,0.487273348857415,0.461556730418567,0.359764822752196,0.503674139394908
0.66,0.516483157257378,0.682477484491924,0.0635296843227226,-0.250878230063588,0.228489473984176,-0.239848871204515,0.516111647168639,0.498613651327832,0.48124184632032,0.410878598111511,0.509094357272297
0.663333333333333,0.516560638129831,0.68361364897484,0.0869019155889382,-0.248746359385096,0.16626197832416,-0.272796344720172,0.517524010301532,0.508362766313827,0.499317038129044,0.46320818172599,0.513175679382478
0.666666666666667,0.515951129160591,0.679055229291987,0.109409558009782,-0.2444733326719,0.103800700861861,-0.301032959610339,0.516050918878765,0.515772389928796,0.516063542210135,0.515823750737284,0.516009062688109
0.67,0.514729400010981,0.669186059314725,0.131144427046809,-0.238148384959429,0.0418589875377388,-0.32385124311585,0.511823835108376,0.522061776713185,0.530960063206396,0.569108912808346,0.517414081676592
0.673333333333333,0.512974727397976,0.65443624193606,0.152173564221952,-0.229910474469418,-0.0188262840189941,-0.340627055160937,0.504883862412099,0.526481669614655,0.543879367616891,0.621163842801472,0.517451919512772
0.676666666666667,0.510769947094799,0.63527228650638,0.172528837557566,-0.219943169459367,-0.077555223190845,-0.350832911459297,0.495448338949546,0.529827467922504,0.555384563851695,0.672817732137482,0.516906090541195
0.68,0.508200496531953,0.612187872814696,0.192199479104366,-0.208468241240391,-0.133683708921253,-0.354048944202418,0.483713511545225,0.532277766673813,0.565074140292247,0.723319851311412,0.514997282708551
0.683333333333333,0.505353457759569,0.585695171367158,0.211128160159703,-0.19573872190931,-0.186640523654683,-0.349971537053308,0.469442617056954,0.534039990316739,0.572982937906005,0.772036287414339,0.512574164016375
0.686666666666667,0.502316610273634,0.556317268242846,0.229210404165319,-0.182031334732526,-0.235941333664491,-0.338419452868529,0.452763714351111,0.535429345501013,0.579804582291354,0.817592795567123,0.509276289069925
0.69,0.499177502865855,0.524581702918014,0.246297317914822,-0.167638833815878,-0.281199854671285,-0.31933750389874,0.434429543633572,0.536515430958332,0.584492237627905,0.86194723052603,0.505737515946227
0.693333333333333,0.496022553234805,0.491015175471944,0.26220163865456,-0.152862417973189,-0.322135277159004,-0.292797713887123,0.41413700622814,0.537789649295307,0.588236912422288,0.902767674856777,0.501522067000617
0.696666666666667,0.492936183600283,0.456139330988941,0.276706188385775,-0.138004454332965,-0.358576062022606,-0.258998085299239,0.393080214563874,0.539378012038543,0.590058274637,0.94058630174391,0.497255119381847
0.7,0.49,0.420467633246936,0.289574594247124,-0.123361822841604,-0.390459847356347,-0.21825901928705,0.370504011276275,0.541193112087299,0.591105516315685,0.975090852830543,0.492762262038727
0.703333333333333,0.487292022324493,0.384502736104957,0.300563315993776,-0.109219889257276,-0.417829671650641,-0.171017487446913,0.34819587134575,0.543800890336068,0.590505684212849,1.00605868233891,0.488451180481287
0.706666666666667,0.484885971469927,0.348734433544982,0.30943457402621,-0.0958471895915577,-0.440826588598055,-0.117819052296908,0.326323048969919,0.546714510063825,0.589471283145286,1.03303261970239,0.483836520522888
0.71,0.482850619266768,0.313637694923289,0.315969044259739,-0.0834910928092809,-0.4596792799935,-0.059307640959542,0.30411617612445,0.550751191730107,0.586887826210542,1.05633869906639,0.479817914431755
0.713333333333333,0.481249206083092,0.279670419944553,0.31997811222687,-0.0723742559993352,-0.474690800935388,0.00378625114139815,0.283417918439489,0.554513230404127,0.5835249363138,1.07526522467565,0.476363590223286
0.716666666666667,0.480138930212569,0.247270879325072,0.321314516965599,-0.062691739961215,-0.486223515489899,0.0706594902174098,0.264398387317865,0.559305044932371,0.579234746371004,1.09007807702638,0.473056533392001
0.72,0.479570512347236,0.216854433893604,0.319881443844497,-0.0546091902581604,-0.494682421147523,0.140451497109948,0.247144831626264,0.563824479738879,0.574376656891918,1.10020957079642,0.47065261219449
0.723333333333333,0.479587837612095,0.188809582765654,0.315639158116327,-0.0482613959890595,-0.500497953847605,0.212260737861245,0.233448847619765,0.568698026889828,0.569376668778403,1.10579262823351,0.468786300365268
0.726666666666667,0.480227676810691,0.163493210009859,0.308609157246223,-0.0437515801107616,-0.504108604115157,0.285162112644301,0.222088970703526,0.573720871457491,0.563528533699595,1.10702336394651,0.467277128538321
0.73,0.481519487706093,0.141225449293679,0.29887573250311,-0.0411513342447274,-0.50594446761422,0.358224745059054,0.214337520378385,0.578645308041653,0.557625129565851,1.10345887325567,0.467273844833929
0.733333333333333,0.483485296347993,0.122283998380778,0.286584764876211,-0.0405008106688653,-0.506412054539226,0.43052978063352,0.210301047883156,0.582758344736138,0.551969344058529,1.09522505428595,0.468158937785803
0.736666666666667,0.486139657661596,0.106898335862689,0.271940016019538,-0.0418094627798851,-0.50588095112447,0.501187541176059,0.210460738205373,0.586646831222876,0.546090501550938,1.08221894465721,0.470421321714201
0.74,0.489489693744797,0.0952443550745335,0.255197381237748,-0.0450572073041762,-0.504672881721607,0.569353651201323,0.215114254362896,0.589445968885199,0.54113932760503,1.06437309107837,0.473312168349905
0.743333333333333,0.493535207583754,0.0874394514952924,0.236656900780099,-0.0501959148477265,-0.503053383297564,0.634243357306064,0.223925307175874,0.591718901998462,0.536907757604566,1.04129892566809,0.477021087319004
0.746666666666667,0.498268869199765,0.0835387302940111,0.216653657383247,-0.0571513708239561,-0.50122646324447,0.695143891221543,0.23781148116153,0.59294803516904,0.532992018462517,1.01402465259384,0.482378977195376
0.75,0.503676470588235,0.083532349059757,0.195547379348577,-0.0658256413046126,-0.499331903439839,0.751423948931567,0.256674594775839,0.592771023374152,0.530685639081872,0.981653039741355,0.488433144157556
0.753333333333333,0.509737245208886,0.0873446036110686,0.173711631111255,-0.0760998495895329,-0.497445629169304,0.80254053876814,0.279623733841914,0.591675053920377,0.529615617950077,0.945793888035968,0.495740747700769
0.756666666666667,0.516424247239932,0.0948346146129025,0.1515229316937,-0.0878374525211661,-0.495582537248501,0.848042575277788,0.307418658456323,0.590678370491836,0.530005967221708,0.904518429289414,0.503889991771795
0.76,0.523704785321927,0.105798733122826,0.129350212719345,-0.100887945255921,-0.493701717706673,0.887571528845027,0.339440836543434,0.588074795061704,0.531662684064046,0.859501475645211,0.513152388359815
0.763333333333333,0.531540905092811,0.119974781614254,0.107544944118881,-0.115090979464479,-0.491713582681766,0.920858973127785,0.375424251484978,0.585499724316604,0.535432788859944,0.811384366594026,0.522955960172996
0.766666666666667,0.539889914457183,0.137047807773421,0.0864323769267579,-0.130280711633815,-0.489488527683362,0.947721900820369,0.415673698941712,0.581825105085968,0.540636611345808,0.759836316885481,0.533346240735852
0.77,0.548704945242169,0.156657132536302,0.0663040621502952,-0.146290535310916,-0.486866619924343,0.968055508333883,0.458793575360046,0.578244940907979,0.547824073184151,0.705197556849931,0.543990938132436
0.773333333333333,0.557935544670787,0.178404370793605,0.0474116372118914,-0.162957727079676,-0.483667833666408,0.981824964436693,0.505241784026176,0.575072949439292,0.556810213664902,0.648468444574796,0.555437324422975
0.776666666666667,0.56752828993224,0.201862242245887,0.0299624354439664,-0.180128073078217,-0.479702581593408,0.989056114181819,0.554007892635913,0.57170648593287,0.567033865479125,0.590379936264638,0.567066148236465
0.78,0.577427419047062,0.226583433271435,0.0141162884853119,-0.197660160845549,-0.47478173448625,0.989826213620563,0.604701318170977,0.569216684076949,0.578373375555471,0.53127976649606,0.578447309568961
0.783333333333333,0.58757547121294,0.252109533808291,-1.59420424307114e-05,-0.215429271381977,-0.468726236212776,0.984255415521336,0.657059427226847,0.567240158946248,0.591872791623187,0.472094815338331,0.589948849982764
0.786666666666667,0.597913929872896,0.277979478045328,-0.0123724805215085,-0.233330493831824,-0.461375667944793,0.972499413033668,0.710038622618671,0.56594822714352,0.605324733613439,0.413482097900469,0.601047279082552
0.79,0.608383861869612,0.30373731219231,-0.0229394807347065,-0.251281052247548,-0.452595774180601,0.954743978889399,0.763952217745563,0.565879855130119,0.619886417377263,0.356226242560477,0.612219738919952
0.793333333333333,0.618926546235165,0.328939128084686,-0.0317486840485942,-0.26922173117782,-0.442284620416175,0.931201549337182,0.816381987120425,0.567071854470787,0.634227806389755,0.301437288480726,0.622587002240788
0.796666666666667,0.629484086411539,0.353159062183243,-0.0388740802799904,-0.287117131471595,-0.430377492181505,0.902110205440627,0.86782756619275,0.569608125879255,0.649016601447662,0.249399142550517,0.632607101832392
0.8,0.64,0.375994329941283,-0.0444277610788811,-0.304954909269699,-0.416850226898188,0.867734652321454,0.918035598936112,0.573252604778886,0.663018480935333,0.201586524824427,0.641983386801507
0.803333333333333,0.650419780492926,0.397069390196984,-0.0485549801359149,-0.322744006730154,-0.401721318898821,0.828369413559358,0.965835724518417,0.578438637545891,0.676093186965509,0.158104893250351,0.65076425153092
0.806666666666667,0.660691425845154,0.416039399126516,-0.0514288799246571,-0.340511784981921,-0.385052588352991,0.784343272122516,1.01073938583236,0.584954806499497,0.687996950940362,0.120198738839689,0.65913947026683
0.81,0.670765929188575,0.432593153784859,-0.0532444781429246,-0.358300405861559,-0.366948705831984,0.736024749992876,1.05204371807482,0.592465567978712,0.698859230507238,0.0878649107931652,0.666938955730525
0.813333333333333,0.680597727478157,0.446455551853192,-0.0542128330554372,-0.37616245875946,-0.347555437570069,0.683827760898598,1.08945007251987,0.601175831152781,0.707906178467755,0.0625556626728904,0.674428965753969
0.816666666666667,0.690145104374327,0.457390059569906,-0.0545547272674493,-0.394156191791796,-0.327056981872114,0.628216608870635,1.12244502264497,0.611076865116545,0.71507455073238,0.0441173385091119,0.681335243886817
0.82,0.699370544209882,0.465201014757644,-0.0544945130349439,-0.412340344551368,-0.305672310793011,0.569709797742309,1.15008892930335,0.621177746794222,0.720805999884972,0.0327394195747616,0.688281525279644
0.823333333333333,0.708241034453414,0.469736166963065,-0.0542540023155075,-0.430769050891981,-0.283650800374124,0.508881776824423,1.17284782884246,0.631695260763017,0.725052789108262,0.0290933417588034,0.695387014009481
0.826666666666667,0.716728314659647,0.470889147992261,-0.0540467667929575,-0.449486703747527,-0.261267026493231,0.446362130868975,1.19051125996473,0.643040670728204,0.727569861146066,0.0324410754977822,0.70209619181315
0.83,0.724809070483939,0.46860206138482,-0.0540726060826539,-0.468523367372879,-0.238814990928862,0.382831839227085,1.20164119301812,0.654455893943259,0.728566211883273,0.0429994710409145,0.709255531106466
0.833333333333333,0.732465071927664,0.462868144752327,-0.054512565955542,-0.487890543680632,-0.216602077357668,0.319016358786224,1.20764447300096,0.666122773090617,0.728311877562484,0.0609857481330837,0.716562084077542
0.836666666666667,0.739683255567099,0.453733868548731,-0.0555246395593271,-0.507577594117542,-0.194942322737694,0.255675601565089,1.20830570346137,0.677241891819185,0.727196211952984,0.0854293444953786,0.724138268618477
0.84,0.746455751095228,0.441300754469287,-0.057239997012948,-0.527548870764912,-0.17414965962151,0.193590855338749,1.20338800028225,0.688239521655364,0.725836428779575,0.116171696365371,0.732367722965574
0.843333333333333,0.752779853067788,0.425726317409538,-0.0597600971296574,-0.54774171810387,-0.154530964744522,0.133549277616869,1.19271435928189,0.698624269092954,0.7238465119492,0.152428771446586,0.740662904074594
0.846666666666667,0.75865793928667,0.407223967976016,-0.063154598104335,-0.568065274904732,-0.136379185754217,0.0763264090895386,1.17747330439537,0.709102230794532,0.72220424198315,0.193493701288526,0.749863724750209
0.85,0.764097337770383,0.386061603084179,-0.0674600260040755,-0.58840028084378,-0.119966602955246,0.022667430835276,1.15799425910701,0.71810374974385,0.72078545985705,0.238958508833676,0.759098935596568
0.853333333333333,0.769110144747951,0.362558706570355,-0.0726795641671917,-0.608599696032376,-0.105538458868449,-0.0267319717781794,1.13451350857718,0.726997823549065,0.720136540985529,0.287533070409439,0.768468781173224
0.856666666666667,0.773712996565128,0.33708194295825,-0.0787833662326721,-0.628490392034636,-0.0933072337175587,-0.0712442560497663,1.10739566058221,0.734975838954603,0.720435652003638,0.33828744275131,0.7771989645207
0.86,0.777926798806143,0.310039111358131,-0.0857100432526948,-0.647875721494599,-0.0834475189065897,-0.110327477086365,1.07782818493172,0.742517147761566,0.721660465061549,0.390817524045341,0.785928068558325
0.863333333333333,0.781776416306986,0.281871664849154,-0.0933686486762974,-0.666539164287419,-0.0760919854422209,-0.143540766962048,1.04575212250633,0.749596744415135,0.725320217493256,0.444129156988285,0.793745574122621
0.866666666666667,0.78529032806454,0.253045899318842,-0.101641466086298,-0.684248811392775,-0.0713283156051497,-0.170556854815184,1.01288748267736,0.756208336321888,0.730028364967322,0.49731060874075,0.800744602939216
0.87,0.788500251327064,0.224043321809734,-0.110387454934817,-0.700762733482062,-0.0691975356060765,-0.191171634757271,0.97889879393446,0.762309683754962,0.736439910758949,0.549340357996373,0.806298127100065
0.873333333333333,0.79144073938384,0.195350206150948,-0.119445972121229,-0.715835329919569,-0.0696934906569834,-0.205309930215465,0.944583022373839,0.768681277179059,0.744544412172177,0.600158716506836,0.810765089846475
0.876666666666667,0.794148757753664,0.167447325817491,-0.128641221165603,-0.729224246666138,-0.0727641354237136,-0.213027588921318,0.911441559164847,0.774914588966902,0.75426974694662,0.649202113943201,0.81297272985756
0.88,0.796663243602375,0.140799655586151,-0.137786675832502,-0.740697924759008,-0.0783138687145537,-0.214509677728833,0.879193784835773,0.78176524602096,0.765829764644166,0.694914557426493,0.813427396339221
0.883333333333333,0.799024653298524,0.115847073273522,-0.146689858282628,-0.750043536716581,-0.0862075216203023,-0.210065155475945,0.848311041012974,0.788998427645777,0.778430643843334,0.738191001193047,0.81101675426985
0.886666666666667,0.801274503043543,0.0929961537931668,-0.15515719690697,-0.757074911252478,-0.0962755788296643,-0.20011808712731,0.82025727214585,0.797308145255309,0.792770852977232,0.777920665475707,0.807133186162745
0.89,0.803454907489232,0.0726133767829897,-0.162998897996445,-0.761640454039776,-0.108320340363749,-0.185196100199607,0.794466891091369,0.80586548204802,0.807988288334993,0.814391360114649,0.800103158961747
0.893333333333333,0.80560812118208,0.055020147314859,-0.170033735212587,-0.763630326746568,-0.12212305507256,-0.165916468282565,0.77183518806778,0.815814835102947,0.823990944219311,0.847439855959429,0.791034261912928
0.896666666666667,0.807776087552534,0.0404896722240197,-0.176093592848977,-0.762982968278582,-0.137451452249533,-0.142970410206211,0.752405561961574,0.82705799942217,0.841024440191895,0.876943436971769,0.779483610648795
0.9,0.81,0.0292455719549923,-0.181027968582881,-0.759690299969036,-0.154067426642951,-0.117106224741197,0.736877725717729,0.839421456688643,0.858901133498453,0.903494131504228,0.766825258286899
0.903333333333333,0.812319879413501,0.0214624012927597,-0.184707895126959,-0.753801380256733,-0.171734428331996,-0.0891119755873126,0.724493162097493,0.853617996144872,0.87656743395811,0.92638921879168,0.752533454975457
0.906666666666667,0.814774172216559,0.0172675599589699,-0.187029684363496,-0.745424394412233,-0.190224206049781,-0.0597980924726,0.715888240772606,0.86907642427758,0.894871515474837,0.946785950980957,0.736226227626451
0.91,0.817399372736199,0.016744523953508,-0.187917958959591,-0.734726484947124,-0.209322578496657,-0.02998050882513,0.710813422270793,0.885648174148154,0.912704270038307,0.964188905666194,0.719848634177374
0.913333333333333,0.82022967337367,0.0199368937584349,-0.187328194246241,-0.721931580813148,-0.228833808410878,-0.000464651586225484,0.710197060937745,0.903929002514943,0.930175740794282,0.979144315303026,0.702881968966098
0.916666666666667,0.823296645702306,0.026852917618498,-0.185248533549737,-0.707316138619834,-0.24858334037355,0.0279692811366215,0.712007841782758,0.922707364972174,0.948060111011863,0.992067548912697,0.68658462799124
0.92,0.826628955240149,0.0374701345511253,-0.181700766273955,-0.691202831179571,-0.26841880912365,0.0545798767434252,0.717470442665167,0.942682380821975,0.96524827793197,1.002814788645,0.671033406961152
0.923333333333333,0.830252112245698,0.0517397001577522,-0.176740495297617,-0.673952457427353,-0.288209309470571,0.0786764022822083,0.725905690272928,0.962885906080579,0.981679578269003,1.01262368039156,0.656567701384577
0.926666666666667,0.834188260468968,0.069590047411326,-0.170456366857286,-0.655954526876401,-0.307842666586527,0.0996292262747515,0.737272271289963,0.983441323708358,0.997970241966308,1.0207444594979,0.644453002220412
0.93,0.838456005361417,0.0909299182416644,-0.162968338791325,-0.63761664956549,-0.32722145562541,0.116878925069526,0.750169788124687,1.00335180845575,1.01317211089602,1.02773041671007,0.634358669924609
0.933333333333333,0.84307028281186,0.115649998171025,-0.154425034528777,-0.619353555249498,-0.346257462904329,0.129943958735098,0.765917526083767,1.02313655570022,1.02778370778206,1.03361181273959,0.62744661841469
0.936666666666667,0.848042269035794,0.143624006133481,-0.14500007111729,-0.601575839496757,-0.364865451249555,0.138427067766675,0.782922067234536,1.04172720573018,1.04093667656896,1.03855921355237,0.623741508863462
0.94,0.853379331807186,0.174708450694093,-0.134887772596199,-0.584679467857498,-0.382956516028133,0.142020665736088,0.800702302710665,1.05894330289061,1.05352704103565,1.04259697115488,0.622956485519338
0.943333333333333,0.859085022789124,0.208741674011916,-0.124297922226938,-0.569035934151766,-0.400431556732446,0.140511254859212,0.81968664228948,1.07439465838471,1.06474898756458,1.04644304719872,0.626053031278792
0.946666666666667,0.865159110297246,0.245542215524484,-0.113450136432323,-0.554983902266758,-0.41717548033891,0.13378260310699,0.838969388788269,1.08725315974351,1.07467553152152,1.04881171643895,0.632495203852659
0.95,0.871597651421508,0.28490689260806,-0.10256782357353,-0.542822478175776,-0.433052760497049,0.121818325826122,0.858591943625708,1.09788227071907,1.083408246659,1.05057349708562,0.642732064284331
0.953333333333333,0.878393102041805,0.326608811524398,-0.0918720152937167,-0.532806186600465,-0.44790454734341,0.104703119764396,0.877887613923475,1.10595927355255,1.09045957088043,1.05147473094018,0.656115799825515
0.956666666666667,0.885534462904642,0.370395648020782,-0.0815751561736578,-0.525142011461902,-0.461548074570897,0.082623038729555,0.896442111321547,1.11131627628108,1.09623316889252,1.05129776158247,0.672214453137969
0.96,0.893007459585143,0.415988514018326,-0.0718754495123758,-0.519988134308637,-0.473778263785532,0.0558643524438665,0.914115487820565,1.11318760353707,1.10020799297862,1.05044960400391,0.691601377829705
0.963333333333333,0.900794753844034,0.463081716797477,-0.0629515821829851,-0.51745431668479,-0.48437197114027,0.0248109978287117,0.93011682217175,1.11276189224006,1.10202729895843,1.04846563577455,0.71328152214913
0.966666666666667,0.908876183605775,0.511343561340704,-0.0549583471983082,-0.517603705153703,-0.49309440016118,-0.0100598859815633,0.945220688861835,1.10978735809271,1.10231675410323,1.045743296736,0.737034788837402
0.97,0.917229028534042,0.56041830686449,-0.04802318872526,-0.520455562477432,-0.499707880211531,-0.04818411268337,0.958476908135451,1.10346571733391,1.10100912786279,1.0424095651178,0.762400919743236
0.973333333333333,0.9258282979663,0.609929309376397,-0.0422438923635945,-0.525988669571276,-0.503982087756637,-0.0889188711918385,0.970173312268022,1.09512283499141,1.09738025779193,1.03820580987607,0.788885449026378
0.976666666666667,0.934647037791938,0.659483467497865,-0.0376875137365101,-0.534144876943507,-0.505705760784013,-0.131553294190773,0.980060636209878,1.08554185601241,1.09159082267234,1.03332563922485,0.81631177865782
0.98,0.943656652719439,0.708676476997622,-0.0343906558253424,-0.544832573516286,-0.504698613157329,-0.175321129586935,0.988059082183765,1.07383641481055,1.08388254154498,1.02776891738605,0.844066095576551
0.983333333333333,0.952827240278301,0.757099050768155,-0.0323608872077126,-0.557929621010622,-0.500823075938681,-0.219415761741716,0.993842853416585,1.06159700760144,1.07430640664075,1.02255091890491,0.871660163822757
0.986666666666667,0.962127932841149,0.804343587255703,-0.0315794846410613,-0.573285725022931,-0.493995084397639,-0.263006810009879,0.998734340560591,1.04850545392039,1.06318441136239,1.0172039470436,0.899071421680561
0.99,0.971527243930741,0.850010970244368,-0.0320053090630453,-0.590723938754598,-0.484193020432592,-0.305258619413234,1.00083075400365,1.0353179881194,1.04975379675294,1.01163589450058,0.926282563541956
0.993333333333333,0.98099341509491,0.893717264238326,-0.0335793102393246,-0.610041470914165,-0.471464102867999,-0.345349695462341,1.00181091073245,1.02275858355311,1.03480167161767,1.00706826039654,0.951716565355837
0.996666666666667,0.990494759689124,0.935099835940373,-0.0362300122149252,-0.631009929772407,-0.455928053152454,-0.382492638231732,1.0019241163254,1.01077788594248,1.01816383249007,1.00309742400295,0.976516188668514
1,1,0.973822651162992,-0.0398791278673363,-0.653375087185917,-0.43777708499191,-0.415954241261747,0.999986604123457,1.00010451119959,0.999744448078164,1.00020710091017,1.00016569684301
