"test","true","mean1","low1","up1","mean2","low2","up2"
0,0,-0.0668684154189064,-0.498979589237475,0.365242758399662,0.0730826324941826,-0.28860448090306,0.434769745891426
0.00333333333333333,0.0213694098462831,-0.0556185753541175,-0.476618982054431,0.365381831346196,0.125369589701428,-0.195337948316731,0.446077127719586
0.00666666666666667,0.0434542384702748,-0.0445355172875487,-0.454858296741428,0.36578726216633,0.166049399423911,-0.12971585489234,0.461814653740163
0.01,0.0660390991752619,-0.0336180772746156,-0.433701558575155,0.366465404025924,0.196225021644935,-0.0884999929007323,0.480950036190602
0.0133333333333333,0.0888936495564965,-0.0228650913707339,-0.413152625657276,0.367422442915808,0.21693773898699,-0.0672719911851781,0.501147469159159
0.0166666666666667,0.111774308996807,-0.0122753956313192,-0.393215096919308,0.36866430565667,0.229169402783751,-0.0613242296001409,0.519663035167644
0.02,0.134426188501567,-0.00184782611178712,-0.373892209342071,0.370196557118497,0.233844625665178,-0.0665245886013305,0.534213839931687
0.0233333333333333,0.1565852247093,0.00841878113244655,-0.355186725143486,0.37202428740838,0.23183292142526,-0.0796708279925039,0.543336670843024
0.0266666666666667,0.177980507799561,0.0185255900459663,-0.337100810267946,0.374151990359878,0.223950792936752,-0.0984347674290509,0.546336353302556
0.03,0.198336790895877,0.0284737645733565,-0.319635906160288,0.376583435307001,0.210963768872134,-0.121159134743943,0.54308667248821
0.0333333333333333,0.217377166440188,0.0382644686592014,-0.302792597497752,0.379321534816155,0.193588389984875,-0.14665923274241,0.53383601271216
0.0366666666666667,0.234825892908238,0.0478988662480855,-0.286570479241178,0.382368211737349,0.172494145699971,-0.174073683023888,0.51906197442383
0.04,0.250411353153818,0.057378121284593,-0.27096802699705,0.385724269566236,0.148305361757549,-0.202762443731565,0.499373167246664
0.0433333333333333,0.263869123624531,0.0667033977133085,-0.255982475190633,0.38938927061725,0.121603039648227,-0.232239435004398,0.475445514300852
0.0466666666666667,0.274945131692963,0.0758758594788163,-0.241609707869981,0.393361426827614,0.0929266485737607,-0.262128160180594,0.447981457328115
0.05,0.283398876404494,0.0848966705257004,-0.227844167028111,0.397637508079511,0.0627758706613882,-0.292132041726059,0.417683783048835
0.0533333333333333,0.289006686065322,0.0937669947985456,-0.214678783096939,0.402212772694031,0.031612300155114,-0.322014048230582,0.38523864854081
0.0566666666666667,0.291564984290067,0.102487996241936,-0.202104931705871,0.407080924189744,-0.000138902697916665,-0.351582166439545,0.351304361043712
0.06,0.290893534405254,0.111060838800456,-0.190112419915001,0.412234097515914,-0.0320874023529889,-0.380678548468481,0.316503743762503
0.0633333333333333,0.286838630470439,0.119486686418691,-0.178689503968007,0.417662876805388,-0.0638761225574709,-0.409170975579112,0.28141873046417
0.0666666666666667,0.279276201639788,0.127766703041223,-0.167822939237213,0.423356345319659,-0.0951797241218426,-0.436945804442814,0.246586356199129
0.07,0.268114795150621,0.135902052612638,-0.157498061555402,0.429302166780679,-0.125703125174531,-0.463901914501969,0.212495664152907
0.0733333333333333,0.253298401899143,0.143893899077521,-0.147698897664839,0.435486695819881,-0.155180063208104,-0.48994542316707,0.179585296750862
0.0766666666666667,0.234809087355576,0.151743406380455,-0.138408301184423,0.441895113945332,-0.183371698229537,-0.514985113901061,0.148241717441987
0.08,0.212669389490621,0.159451738466025,-0.1296081094085,0.448511586340549,-0.210065256332386,-0.538928644195214,0.118798131530443
0.0833333333333333,0.186944444444444,0.167020059278815,-0.121279315486065,0.455319434043694,-0.235072713013845,-0.561679667412943,0.0915342413852527
0.0866666666666667,0.157743799882624,0.174449532763409,-0.113402250131362,0.46230131565818,-0.258229515564807,-0.583136012336584,0.0666769812069702
0.09,0.125222875369522,0.181741322864392,-0.105956766991809,0.469439412720594,-0.279393343866172,-0.603189019066621,0.0444023313342773
0.0933333333333333,0.0895840286721301,0.188896593526349,-0.0989224261154494,0.476715613168148,-0.298442908929805,-0.62172404114355,0.0248382232839413
0.0966666666666667,0.0510771867171785,0.195916508693864,-0.0922786705581437,0.484111687945871,-0.315276788527663,-0.638622012868871,0.00806843581354399
0.1,0.0100000000000001,0.20280223231152,-0.0860049919721294,0.491609456595169,-0.329812299257766,-0.653761874824897,-0.00586272369063429
0.103333333333333,-0.0333025203657298,0.209554928323903,-0.0800810819375751,0.499190938585381,-0.341984404400801,-0.667023574357997,-0.0169452344436039
0.106666666666667,-0.0784389230017244,0.216175760675596,-0.0744869667558877,0.50683848810708,-0.351744656926323,-0.678291326521803,-0.0251979873308427
0.11,-0.124972832849072,0.222665893311185,-0.069203124347779,0.514534910970148,-0.359060177012613,-0.687456836701331,-0.0306635173238948
0.113333333333333,-0.172425101049229,0.229026490175253,-0.0642105827366963,0.522263563087202,-0.363912663449421,-0.694422239123738,-0.0334030877751033
0.116666666666667,-0.220276622776623,0.235258715212385,-0.0594910003133686,0.530008430738138,-0.366297438297941,-0.699102579339086,-0.0334922972567952
0.12,-0.267971854483317,0.241363732367165,-0.0550267286513733,0.537754193385702,-0.366222524187525,-0.701427746547596,-0.031017301827455
0.123333333333333,-0.314923057888852,0.247342705584177,-0.0508008590730035,0.545486270241358,-0.363707753633753,-0.701343830258194,-0.0260716770093115
0.126666666666667,-0.360515292814392,0.253196798808007,-0.0467972544568737,0.553190852072887,-0.358783909767625,-0.698813927862286,-0.018753891672964
0.13,-0.404112174424931,0.258927175983237,-0.0430005679488605,0.560854919915335,-0.351491897870806,-0.693818463378102,-0.00916533236351058
0.133333333333333,-0.445062402392053,0.264535001054454,-0.0393962503057366,0.568466252414644,-0.341881947116933,-0.686355094729598,0.00259120049573219
0.136666666666667,-0.482707059693159,0.27002143796624,-0.0359705475872711,0.576013423519751,-0.330012841924192,-0.676438291246108,0.0164126073977244
0.14,-0.516387666983292,0.275387650663181,-0.0327104908382261,0.583485792164588,-0.315951182329478,-0.664098658795321,0.0321962941363642
0.143333333333333,-0.545454964477236,0.28063480308986,-0.0296038792851837,0.590873485464904,-0.299770672799586,-0.649382080785896,0.0498407351867248
0.146666666666667,-0.569278376843957,0.285764059190863,-0.0266392584304524,0.598167376812178,-0.28155143890004,-0.632348732003757,0.0692458542036773
0.15,-0.587256097560976,0.290776582910773,-0.0238058942693557,0.605359060090901,-0.26137937124729,-0.613072010762034,0.0903132682674544
0.153333333333333,-0.598825707383331,0.295673538194174,-0.021093744698028,0.612440821086376,-0.23934549617514,-0.591637424257732,0.112946431907453
0.156666666666667,-0.603475217024299,0.300456088985652,-0.0184934290237607,0.619405606995065,-0.215545372551427,-0.568141452877856,0.137050707775002
0.16,-0.600754396927788,0.305125399229791,-0.0159961963439752,0.626246994803556,-0.19007851418609,-0.542690411650893,0.162533383278713
0.163333333333333,-0.590286227413678,0.309682632871174,-0.0135938934261954,0.632959159168543,-0.163047837276911,-0.515399321046344,0.189303646492522
0.166666666666667,-0.571778270996064,0.314128953854386,-0.0112789326016069,0.639536840310379,-0.134559132344358,-0.486390794729376,0.21727253004066
0.17,-0.545033736077574,0.318465526124012,-0.00904426007949466,0.645975312327519,-0.104720560112082,-0.455793948488261,0.246352828264098
0.173333333333333,-0.509961968591383,0.322693513624636,-0.00688332499879374,0.652270352248066,-0.0736421707947694,-0.42374333218277,0.276458990593231
0.176666666666667,-0.466588076928642,0.326814080300843,-0.00479004945542855,0.658418210057114,-0.0414354462601829,-0.390377885050297,0.307506992529931
0.18,-0.415061367457729,0.330828390097216,-0.00275879967896797,0.6644155798734,-0.00821286453736131,-0.355839913921898,0.339414184847175
0.183333333333333,-0.355662245290273,0.33473760695834,-0.000784358478122027,0.670259572394802,0.0259125138518995,-0.320274093738771,0.37209912144257
0.186666666666667,-0.288807220190069,0.338542894828799,0.00113810096954775,0.675947688688051,0.0608274382560572,-0.283826490136719,0.405481366648833
0.19,-0.215051653425673,0.342245417653179,0.00301303994393348,0.681477795362424,0.0964188394639179,-0.246643604706769,0.439481283634605
0.193333333333333,-0.135089890833031,0.345846339376062,0.0048445776132211,0.686848101138903,0.1325741809893,-0.208871444766034,0.474019806744634
0.196666666666667,-0.0497524532164395,0.349346823942034,0.0066365130798629,0.692057134804205,0.169181790572611,-0.170654620992247,0.509018202137468
0.2,0.0399999999999998,0.352748035295679,0.0083923460691851,0.697103724522173,0.206131172396529,-0.132135477973033,0.544397822766092
0.203333333333333,0.133086152336558,0.356051137381581,0.0101152963007345,0.701986978462427,0.243313300507857,-0.0934532644540763,0.58007986546979
0.206666666666667,0.228317088075069,0.359257294144324,0.011808321591564,0.706706266697085,0.280620893932465,-0.0547433516694505,0.615985139534381
0.21,0.324412948453327,0.362367669528494,0.0134741347468935,0.711261204310094,0.317948673965135,-0.0161365094151019,0.652033857345371
0.213333333333333,0.420023079895098,0.365383427478674,0.0151152192975369,0.715651635659811,0.35519360411091,0.0222417497066815,0.688145458515138
0.216666666666667,0.513749423697556,0.368305731939448,0.0167338441456356,0.719877619733261,0.392255113149513,0.0602717473560195,0.724238478943007
0.22,0.604172742334033,0.371135746855402,0.0183320771809672,0.723939416529836,0.429035301789175,0.0978401280332662,0.760230475545083
0.223333333333333,0.689881120877349,0.373874636171119,0.0199117979297438,0.727837474412494,0.46543913337111,0.134840250921026,0.796038015821193
0.226666666666667,0.769500032254731,0.376523563831183,0.0214747092966415,0.731572418365725,0.501374609080751,0.171172479109472,0.831576739052031
0.23,0.841723122440471,0.37908369378018,0.0230223484590293,0.735145039101331,0.536752928116705,0.206744363353132,0.866761492880278
0.233333333333333,0.905342766940072,0.381556189962693,0.0245560969701634,0.738556282955223,0.571488633263228,0.241470720974503,0.901506545551953
0.236666666666667,0.959279383081516,0.383942216323307,0.026077190125624,0.741807242520991,0.605499742306936,0.275273614146416,0.935725870467455
0.24,1.00260846213747,0.386242936806607,0.0275867256446199,0.744899147968593,0.638707865733277,0.308082235237307,0.969333496229247
0.243333333333333,1.03458431694831,0.388459515357175,0.0290856717150284,0.747833358999323,0.671038311133189,0.339832709895531,1.00224391237085
0.246666666666667,1.05465962679416,0.390593115919598,0.0305748744482708,0.750611357390926,0.702420174745192,0.370467830841828,1.03437251864856
0.25,1.0625,0.392644902438459,0.0320550647873898,0.753234740089529,0.732786420553087,0.399936736780376,1.0656361043258
0.253333333333333,1.05799296012749,0.394616038858343,0.0335268649090162,0.75570521280767,0.762073947354215,0.42819455137569,1.09595334333274
0.256666666666667,1.04125098361498,0.396507689123834,0.0349907941573407,0.758024584090327,0.790223644208166,0.455201996919049,1.12524529149728
0.26,1.01260846213747,0.398321017179516,0.0364472745457494,0.760194759813282,0.817180434670644,0.480924996247721,1.15343587309357
0.263333333333333,0.972612716414848,0.400057186969973,0.0378966358594439,0.762217738080503,0.842893310212075,0.505334274860107,1.18045234556404
0.266666666666667,0.922009433606739,0.401717362439791,0.0393391203901786,0.764095604489404,0.867315353215401,0.52840497319102,1.20622573323978
0.27,0.861723122440472,0.403302707533554,0.0407748873321879,0.765830527734919,0.890403749942371,0.55011627687132,1.23069122301342
0.273333333333333,0.792833365588064,0.404814386195845,0.0422040168664639,0.767424755525226,0.912119793852496,0.570451070668531,1.25378851703646
0.276666666666667,0.716547787544016,0.406253562371249,0.04362651395877,0.768880610783728,0.9324288796537,0.589395619826318,1.27546213948108
0.28,0.634172742334033,0.407621400004351,0.0450423118951401,0.770200488113562,0.951300488458559,0.606939280784512,1.29566169613261
0.283333333333333,0.54708275703089,0.408919063039735,0.0464512755770997,0.77138685050237,0.968708164414895,0.623074241820847,1.31434208700894
0.286666666666667,0.456689746561764,0.410147715421985,0.0478532045974741,0.772442226246495,0.984629483174323,0.637795293028135,1.33146367332051
0.29,0.364412948453325,0.411308521095685,0.049247836116384,0.773369206074987,0.999046012557256,0.651099624216766,1.34699240089775
0.293333333333333,0.271650421408402,0.412402644005421,0.0506348475558849,0.774170440454957,1.01194326576769,0.662986648783675,1.3608998827517
0.296666666666667,0.179752819003223,0.413431248095776,0.0520138591306737,0.774848637060878,1.02331064750598,0.673457851276318,1.37316344373564
0.3,0.0899999999999988,0.414395497311335,0.0533844362313445,0.775406558391325,1.03314139332271,0.682516656259992,1.38376613038542
0.303333333333333,0.00358088011689363,0.415296555596681,0.054746091675843,0.77584701951752,1.04143250255149,0.690168316126008,1.39269668897696
0.306666666666667,-0.0784232241663652,0.4161355868964,0.0560982878440119,0.776172885948789,1.04818466515361,0.696419815616853,1.39994951469036
0.31,-0.155051653425672,0.416913755155076,0.0574404387094505,0.776387071600702,1.05340218280207,0.701279791057919,1.40552457454623
0.313333333333333,-0.225473886856736,0.417632224317294,0.0587719117823203,0.776492536852267,1.05709288452763,0.704758462544768,1.4094273065105
0.316666666666667,-0.288995578623607,0.418292158327636,0.0600920299761998,0.776492286679072,1.0592680372441,0.706867577616793,1.4116684968714
0.32,-0.345061367457729,0.418894721130689,0.0614000734116308,0.776389368849747,1.05994225146527,0.707620365234395,1.41226413769615
0.323333333333333,-0.393254743595309,0.419441076671035,0.0626952811685928,0.776186872173478,1.05913338252055,0.707031499153157,1.41123526588794
0.326666666666667,-0.433295301924716,0.419932388893261,0.0639768529997829,0.775887924786739,1.05686242757114,0.705117070044223,1.40860778509805
0.33,-0.465033736077573,0.420369821741949,0.0652439510162723,0.775495692467626,1.05315341872376,0.701894565936675,1.40441227151084
0.333333333333333,-0.488444937662731,0.420754539161685,0.0664957013568279,0.775013376966541,1.04803331253352,0.697382860748386,1.39868376431865
0.336666666666667,-0.50361956074701,0.421087705097052,0.0677311958519483,0.774444214342155,1.04153187618248,0.691602210820724,1.39146154154423
0.34,-0.510754396927788,0.421370483492635,0.0689494936934418,0.773791473291829,1.03368157061534,0.68457425947459,1.38278888175609
0.343333333333333,-0.510141883690965,0.421604038293019,0.0701496231201661,0.773058453465872,1.02451743090857,0.676322049655567,1.37271281216156
0.346666666666667,-0.502159040716664,0.421789533442788,0.0713305831303613,0.772248483755214,1.01407694414399,0.666870044730333,1.36128384355765
0.35,-0.487256097560975,0.421928132886525,0.0724913452308087,0.771364920542242,1.00239992505303,0.656244157430899,1.34855569267516
0.353333333333333,-0.465945043510623,0.422021000568816,0.0736308552328559,0.770411145904777,0.989528389692231,0.644471786815086,1.33458499256938
0.356666666666667,-0.438788297810569,0.422069300434245,0.0747480351051318,0.769390565763359,0.975506427406016,0.631581862919699,1.31943099189233
0.36,-0.406387666983292,0.422074196427397,0.0758417848925449,0.768306607962248,0.960380071327096,0.617604898528379,1.30315524412581
0.363333333333333,-0.369373726359826,0.422036852492854,0.0769109847108924,0.767162720274816,0.944197167660067,0.602573047163464,1.28582128815667
0.366666666666667,-0.328395735725386,0.421958432575203,0.0779544968261047,0.765962368324302,0.927007243988492,0.586520166048834,1.26749432192815
0.37,-0.28411217442493,0.421840100619027,0.0789711678267963,0.764709033411258,0.908861376840626,0.569481882391776,1.24824087128947
0.373333333333333,-0.237181959481058,0.421683020568911,0.0799598308983883,0.763406210239433,0.889812058743832,0.551495660914471,1.22812845657319
0.376666666666667,-0.188256391222185,0.421488356369439,0.0809193082065886,0.762057404532289,0.869913064992592,0.532600870152957,1.20722525983223
0.38,-0.137971854483317,0.421257271965195,0.0818484133974688,0.760666130532921,0.84921932034986,0.512838844660844,1.18559979603888
0.383333333333333,-0.0869432894432894,0.420990931300764,0.0827459542207412,0.759235908380786,0.82778676589639,0.492252939936885,1.16332059185589
0.386666666666667,-0.0357584343825621,0.42069049832073,0.0836107352821155,0.757770261359344,0.805672226237523,0.470888576671158,1.14045587580389
0.39,0.0150271671509281,0.420357136969677,0.0844415609297881,0.756272713009566,0.782933277271778,0.448793270803306,1.11707328374025
0.393333333333333,0.0648944103316092,0.41999201119219,0.0852372382791909,0.75474678410519,0.759628114720459,0.426016645932669,1.09323958350825
0.396666666666667,0.113364146300937,0.419596284932854,0.0859965803790846,0.753195989486623,0.735815423612351,0.402610424830482,1.06902042239422
0.4,0.16,0.419171122136252,0.0867184095209289,0.751623834751575,0.711554248912431,0.378628397184381,1.04448010064048
0.403333333333333,0.204410520050512,0.418717686746969,0.0874015606921868,0.750033812801751,0.68690386747841,0.354126361248159,1.01968137370866
0.406666666666667,0.246250695338797,0.418237142709589,0.0880448851728431,0.748429400246335,0.66192366152374,0.329162037754609,0.994685285292871
0.41,0.285222875369523,0.417730653968697,0.0886472542729053,0.746814053664488,0.636672993760623,0.303794955243656,0.96955103227759
0.413333333333333,0.321077133215958,0.417199384468877,0.089207563207052,0.745191205730701,0.611211084391407,0.27808630681869,0.944335861964123
0.416666666666667,0.353611111111111,0.416644498154713,0.0897247351008808,0.743564261208545,0.585596890111601,0.252098779221745,0.919095001001457
0.42,0.382669389490621,0.41606715897079,0.0901977251214044,0.741936592820175,0.559888985282627,0.225896355961669,0.893881614603586
0.423333333333333,0.408142420688909,0.415468530861692,0.0906255247225665,0.740311537000817,0.534145445427283,0.199544096990345,0.868746793864221
0.426666666666667,0.42996506856581,0.414849777772003,0.0910071659946079,0.738692389549399,0.508423733195731,0.173107898059445,0.843739568332017
0.43,0.448114795150621,0.414212063646309,0.0913417261041466,0.737082401188471,0.482780586944725,0.146654233374115,0.818906940515335
0.433333333333333,0.462609534973122,0.413556552429192,0.0916283318098318,0.735484773048553,0.457271912067626,0.120249885473284,0.794293938661969
0.436666666666667,0.473505297137106,0.412884408065238,0.0918661640364723,0.733902652094004,0.431952675207619,0.0939616664052292,0.769943684010008
0.44,0.480893534405254,0.412196794499031,0.0920544624885943,0.732339126509468,0.406876801481421,0.0678561342406998,0.745897468722143
0.443333333333333,0.4848983176234,0.411494875675155,0.0921925302825407,0.73079722106777,0.382097074835622,0.0419993087932416,0.722194840878003
0.446666666666667,0.485673352731989,0.410779815538195,0.0922797385744735,0.729279892501916,0.357665041652658,0.0164563901243683,0.698873693180947
0.45,0.483398876404494,0.410052778032735,0.0923155311600525,0.727790024905417,0.33363091771829,-0.00870851696956626,0.675970352406146
0.453333333333333,0.478278465026297,0.409314927103359,0.0922994290201541,0.726330425186564,0.31004349865732,-0.0334326697293658,0.653519667044005
0.456666666666667,0.470535790291197,0.408567426694652,0.092231034785807,0.724903818603496,0.286950073939129,-0.0576549431682862,0.631555091046543
0.46,0.460411353153818,0.407811440751198,0.0921100370945926,0.723512844407803,0.264396344549501,-0.081316072938554,0.610108762037556
0.463333333333333,0.448159226241571,0.407048133217581,0.0919362148101199,0.722160051625042,0.242426344420041,-0.104358883938274,0.589211572778356
0.466666666666667,0.434043833106855,0.406278668038386,0.0917094410758635,0.720847895000909,0.22108236570137,-0.126728503670393,0.568893235073133
0.47,0.418336790895877,0.405504209158197,0.0914296871746791,0.719578731141715,0.20040488796114,-0.148372559718085,0.549182335640366
0.473333333333333,0.401313841132894,0.404725920521599,0.0910970261656995,0.718354814877498,0.18043251138277,-0.169241360997557,0.530106383763096
0.476666666666667,0.383251891375966,0.403944966073176,0.0907116362710787,0.717178295875273,0.161201894035663,-0.189288062687846,0.511691850759172
0.48,0.364426188501567,0.403162509757511,0.0902738039862019,0.716051215528821,0.142747693282549,-0.208468814918987,0.493964201484085
0.483333333333333,0.34510764233014,0.402379715519191,0.0897839268885097,0.714975504149872,0.125102511384421,-0.226742895428424,0.476947918197265
0.486666666666667,0.325560316223163,0.401597747302798,0.0892425161219807,0.713952978483616,0.108296845358435,-0.244072826476168,0.460666517193039
0.49,0.306039099175262,0.400817769052918,0.0886501985365755,0.712985339569261,0.0923590411389814,-0.260424476347815,0.445142558625778
0.493333333333333,0.286787571803608,0.400040944714135,0.0880077184645207,0.712074170963748,0.0773152520869988,-0.275767145777645,0.430397649951643
0.496666666666667,0.26803607651295,0.399268438231032,0.0873159391181791,0.711220937343885,0.0631894018874822,-0.290073639598088,0.416452443373053
0.5,0.25,0.398501413548195,0.0865758435973749,0.710426983499015,0.0500031518699777,-0.303320323872743,0.403326627612699
0.503333333333333,0.232878274167701,0.397741034610207,0.0857885354973547,0.70969353372306,0.0377758727817247,-0.315487168703846,0.391038914267295
0.506666666666667,0.216852099460182,0.396988465361654,0.0849552391120403,0.709021691611268,0.0265246210379833,-0.326557776826661,0.379607018902627
0.51,0.202083892615097,0.39624486974712,0.0840772992307769,0.708412440263462,0.0162641194689196,-0.336519398017876,0.369047636955716
0.513333333333333,0.188716458873333,0.395511411711188,0.08315618053037,0.707866642892005,0.00700674257731293,-0.34536292925729,0.359376414411916
0.516666666666667,0.176872386798327,0.394789255198443,0.0821934665677618,0.707385043829124,-0.00123749368381265,-0.353082900496656,0.350607913129031
0.52,0.166653662049479,0.39407956415347,0.0811908583821603,0.706968269924779,-0.00846093760965277,-0.359677445811188,0.342755570591882
0.523333333333333,0.158141494737017,0.393383502520853,0.0801501727187557,0.70661683232295,-0.014658302919349,-0.365148259642857,0.335831653804159
0.526666666666667,0.151396353368919,0.392702234245176,0.0790733398892763,0.706331128601075,-0.0198266654152733,-0.369500537795598,0.329847206965052
0.53,0.146458196893288,0.392036923271024,0.0779624012875055,0.706111445254542,-0.0239654551373175,-0.372742902816542,0.324811992541907
0.533333333333333,0.143346894950238,0.39138873354298,0.0768195065804579,0.705957960505503,-0.0270764440287558,-0.374887313400517,0.320734425343006
0.536666666666667,0.142062825183092,0.390758829005631,0.0756469105981696,0.705870747413092,-0.0291637291353989,-0.375948957493712,0.317621499222915
0.54,0.142587635326029,0.390148373603559,0.0744469699469536,0.705849777260164,-0.0302337113648927,-0.375946128852946,0.315478706123161
0.543333333333333,0.144885156789435,0.389558531281349,0.0732221393725039,0.705894923190193,-0.0302950698381476,-0.374900086945561,0.314309947269266
0.546666666666667,0.148902455609404,0.388990465983585,0.0719749679003803,0.70600596406679,-0.0293587318700302,-0.372834900256714,0.314117436516654
0.55,0.15457100591716,0.388445341654852,0.0707080947821701,0.706182588527535,-0.0274378386215786,-0.369777273309433,0.314901596066276
0.553333333333333,0.161807970519615,0.387924322239735,0.0694242452760135,0.706424399203457,-0.0245477064711487,-0.365756357999437,0.316660945057139
0.556666666666667,0.17051757276454,0.387428571682817,0.0681262262902025,0.706730917075432,-0.0207057841570282,-0.360803550199407,0.319391981885351
0.56,0.180592543592645,0.386959253928683,0.0668169219182462,0.70710158593912,-0.0159316057492003,-0.35495227298992,0.32308906149152
0.563333333333333,0.191915627552657,0.386517532921917,0.0654992888931514,0.707535776950683,-0.0102467395130718,-0.34823774831546,0.327744269289316
0.566666666666667,0.204361131571567,0.386104572607104,0.064176351987744,0.708032793226465,-0.00367473273311875,-0.34069675932746,0.333347293861223
0.57,0.217796500426956,0.385721536928828,0.0628511993866662,0.70859187447099,0.00375894743045371,-0.332367406140155,0.339885301001062
0.573333333333333,0.232083903156826,0.385369589831674,0.0615269780542781,0.709212201609069,0.0120269769738142,-0.323288858162471,0.347342812110099
0.576666666666667,0.247081815058904,0.385049895260225,0.0602068891210991,0.70989290139935,0.0211002418869984,-0.313501106549939,0.355701590323936
0.58,0.262646580469224,0.384763617159066,0.0588941833096803,0.710633051008451,0.0309479087082898,-0.303044720612668,0.364940538029248
0.583333333333333,0.278633942161339,0.384511919472781,0.0575921564189491,0.711431682526613,0.0415374987018399,-0.291960612188015,0.375035609591695
0.586666666666667,0.294900523964399,0.384295966145956,0.0563041448841309,0.71228778740778,0.0528349655597592,-0.280289812012957,0.385959743132475
0.59,0.311305254051373,0.384116921123173,0.0550335214273815,0.713200320818965,0.0648047765247444,-0.268073261992222,0.397682815041711
0.593333333333333,0.327710717288333,0.383975948349018,0.0537836908122722,0.714168205885764,0.0774099968241963,-0.255351626944935,0.410171620593328
0.596666666666667,0.343984426051475,0.383874211768075,0.0525580857132932,0.715190337822857,0.0906123773016337,-0.242165128928618,0.423389883531885
0.6,0.36,0.383812875324928,0.0513601627096053,0.716265587940251,0.104372445126066,-0.228553406601985,0.437298296854116
0.603333333333333,0.375638246428807,0.383793102964162,0.0501933984103931,0.717392807517931,0.118649597454857,-0.214555401327013,0.451854596236727
0.606666666666667,0.390788134004155,0.383816058630361,0.0490612857173615,0.71857083154336,0.133402197920478,-0.200209270867313,0.467013666708269
0.61,0.405347653896426,0.383882906268109,0.0479673302282201,0.719798482307998,0.148587675806396,-0.185552330662077,0.482727682274869
0.613333333333333,0.419224563555523,0.383994809821991,0.0469150467833769,0.721074572860605,0.16416262777222,-0.170621021794146,0.498946277338586
0.616666666666667,0.43233700961489,0.384152933236591,0.0459079561565683,0.722397910316613,0.180082921983082,-0.155450903976424,0.515616747942588
0.62,0.444614027648385,0.384358440456493,0.0449495818887672,0.723767299024219,0.196303804493099,-0.140076671195919,0.532684280182117
0.623333333333333,0.455995917729306,0.384612495426282,0.0440434472634323,0.725181543589132,0.212780007727608,-0.124532187112029,0.550092202567245
0.626666666666667,0.466434495942249,0.384916262090542,0.0431930724200199,0.726639451761065,0.229465860903757,-0.108850536925606,0.567782258733119
0.63,0.475893223165809,0.385270904393858,0.0424019716016274,0.728139837186089,0.246315402223864,-0.0930640922249871,0.585694896672716
0.633333333333333,0.484347213567967,0.385677586280814,0.0416736505317154,0.729681522029912,0.263282492670849,-0.0772045852688122,0.60376957061051
0.636666666666667,0.49178312632706,0.386137471695994,0.0410116039140317,0.731263339477956,0.28032093122987,-0.0613031892667361,0.621945051726475
0.64,0.498198945101277,0.386651724583982,0.0404193130491304,0.732884136118834,0.297384571355209,-0.0453906014435102,0.640159744153928
0.643333333333333,0.503603650710829,0.387221508889364,0.03990024356025,0.734542774218477,0.31442743849626,-0.0294971259900607,0.65835200298258
0.646666666666667,0.508016793362524,0.387847988556722,0.039457843220762,0.736238133892683,0.331403848491358,-0.0136527543857888,0.676460451368505
0.65,0.511467971530249,0.388532327530643,0.0390955398749264,0.737969115186359,0.348268526633079,0.00211275901094682,0.69442429425521
0.653333333333333,0.513996225301703,0.389275689755709,0.038816739443283,0.739734640068135,0.36497672720343,0.0177698277897686,0.712183626617092
0.656666666666667,0.515649352607216,0.390079239176506,0.0386248240036532,0.741533654349359,0.381484353272306,0.0332889720193048,0.729679734525307
0.66,0.516483157257378,0.390944139737618,0.0385231499384242,0.743365129536811,0.397748076547347,0.048640765406594,0.746855387688101
0.663333333333333,0.516560638129831,0.391871555383629,0.038515046138525,0.745228064628732,0.413725457058304,0.0637957916965483,0.763655122420059
0.666666666666667,0.515951129160591,0.392862650059123,0.038603812254266,0.74712148786398,0.42937506245377,0.0787246106686346,0.780025514238905
0.67,0.514729400010981,0.393918587708685,0.0387927169830082,0.749044458434362,0.4446565866831,0.093397733896015,0.795915439470184
0.673333333333333,0.512974727397976,0.395040532276899,0.0390849963834213,0.750996068170377,0.459530967831118,0.107785610304202,0.811276325358034
0.676666666666667,0.510769947094799,0.39622964770835,0.0394838522059076,0.752975443210793,0.473960504868141,0.121858621500746,0.826062388235536
0.68,0.508200496531953,0.397487097947622,0.039992450228564,0.75498174566668,0.487908973072656,0.135587086841777,0.840230859303536
0.683333333333333,0.505353457759569,0.398814046939299,0.0406139185878625,0.757014175290735,0.501341737878897,0.148941278251592,0.853742197506203
0.686666666666667,0.502316610273634,0.400211658627966,0.0413513460929925,0.759071971162939,0.514225866896389,0.161891444913522,0.866560288879255
0.69,0.499177502865855,0.401681096958207,0.0422077805125806,0.761154413403832,0.526530239843414,0.174407848099257,0.878652631587571
0.693333333333333,0.496022553234805,0.403223525874606,0.0431862268222172,0.763260824926994,0.538225656131225,0.186460806594471,0.88999050566798
0.696666666666667,0.492936183600283,0.404840109321748,0.0442896454009093,0.765390573242586,0.549284939830647,0.198020753405168,0.900549126256125
0.7,0.49,0.406532011244217,0.0455209501642264,0.767543072324207,0.559683041747632,0.209058304684918,0.910307778810345
0.703333333333333,0.487292022324493,0.408300395586597,0.0468830066214949,0.769717784551699,0.56939713832915,0.219544342099488,0.919249934558811
0.706666666666667,0.484885971469927,0.410146426293474,0.0483786298439375,0.77191422274301,0.578406727115678,0.229450110131665,0.92736334409969
0.71,0.482850619266768,0.41207126730943,0.0500105823301286,0.774131952288731,0.586693718451407,0.238747330110917,0.934640106791897
0.713333333333333,0.481249206083092,0.414076082579051,0.0517815717545403,0.776370593403562,0.594242523158156,0.247408333011968,0.941076713304344
0.716666666666667,0.480138930212569,0.416162036046921,0.0536942485842858,0.778629823509556,0.601040135873834,0.255406213279785,0.946674058467882
0.72,0.479570512347236,0.418330291657624,0.0557512035484133,0.780909379766835,0.607076213751158,0.262715006077112,0.951437421425205
0.723333333333333,0.479587837612095,0.420582013355745,0.057954964943266,0.783209061768224,0.612343150207209,0.269309890379827,0.955376410034591
0.726666666666667,0.480227676810691,0.422918365085868,0.0603079957564868,0.785528734415249,0.616836143409234,0.27516742022527,0.958504866593198
0.73,0.481519487706093,0.425340510792577,0.0628126905912114,0.787868330993943,0.620553259177023,0.280265786105973,0.960840732248073
0.733333333333333,0.483485296347993,0.427849614420457,0.0654713723708444,0.79022785647007,0.623495487976983,0.284585107952603,0.962405868001363
0.736666666666667,0.486139657661596,0.430446839914092,0.0682862888035625,0.792607391024622,0.62566679567796,0.288107760325992,0.963225831029927
0.74,0.489489693744797,0.433133351218067,0.0712596085843004,0.795007093851833,0.627074167733665,0.290818729310743,0.963329606156586
0.743333333333333,0.493535207583754,0.435910312276965,0.0743934173104719,0.797427207243458,0.627727646451466,0.292705999162351,0.962749293740581
0.746666666666667,0.498268869199765,0.438778887035371,0.0776897130860445,0.799868060984698,0.627640361002144,0.293760965023621,0.961519756980668
0.75,0.503676470588235,0.44174023943787,0.0811504017868008,0.80233007708894,0.626828549820082,0.293978866047373,0.95967823359279
0.753333333333333,0.509737245208886,0.444795533429046,0.0847772919577187,0.804813774900374,0.625311575038215,0.293359231134853,0.957263918941577
0.756666666666667,0.516424247239932,0.447945932953483,0.0885720893113362,0.80731977659563,0.623111928596949,0.291906327359293,0.954317529834605
0.76,0.523704785321927,0.451192601955766,0.0925363907937793,0.809848813117753,0.620255229661078,0.28962959916511,0.950880860157046
0.763333333333333,0.531540905092811,0.454536704380479,0.0966716781827954,0.812401730578162,0.616770212973639,0.286544084813122,0.946996341134157
0.766666666666667,0.539889914457183,0.457979404172206,0.100979311179676,0.814979497164736,0.61268870777048,0.282670795481757,0.942706620059203
0.77,0.548704945242169,0.461521865275531,0.105460519954381,0.817583210596682,0.608045606874165,0.278037042110594,0.938054171637737
0.773333333333333,0.557935544670787,0.46516525163504,0.110116397100499,0.820214106169582,0.602878825580756,0.272676695609478,0.933080955552033
0.776666666666667,0.56752828993224,0.468910727195317,0.114947888953942,0.822873565436691,0.597229249947791,0.266630367497709,0.927828132397873
0.78,0.577427419047062,0.472759455900944,0.11995578622651,0.825563125575379,0.591140674086738,0.259945500330831,0.922335847842645
0.783333333333333,0.58757547121294,0.476712601696509,0.125140713902696,0.828284489490321,0.584659726057968,0.252676360264475,0.91664309185146
0.786666666666667,0.597913929872896,0.480771328526593,0.130503120345457,0.83103953670773,0.577835781961234,0.244883927557007,0.910787636365462
0.79,0.608383861869612,0.484936800335783,0.136043265554183,0.833830335117383,0.570720867809459,0.236635684429223,0.904806051189695
0.793333333333333,0.618926546235165,0.489210181068662,0.141761208515901,0.836659153621422,0.5633695487685,0.228005303166585,0.898733794370416
0.796666666666667,0.629484086411539,0.493592634669814,0.147656793588968,0.83952847575066,0.555838805340454,0.219072240378521,0.892605370302387
0.8,0.64,0.498085325083824,0.153729635857331,0.842441014310318,0.548187896062874,0.209921245693311,0.886454546432438
0.803333333333333,0.650419780492926,0.502689416255277,0.159979105393106,0.845399727117448,0.540478206291196,0.200641794726338,0.880314617856053
0.806666666666667,0.660691425845154,0.507406072128756,0.166404310365915,0.848407833891597,0.532773082626463,0.191327456871128,0.874218708381798
0.81,0.670765929188575,0.512236456648847,0.173004078939602,0.851468834358092,0.525137652545378,0.182075208374689,0.868200096716066
0.813333333333333,0.680597727478157,0.517181733760132,0.179776939900881,0.854586527619384,0.517638628784495,0.172984700391718,0.862292557177273
0.816666666666667,0.690145104374327,0.522243067407198,0.186721101970736,0.85776503284366,0.510344098025298,0.164157490434626,0.85653070561597
0.82,0.699370544209882,0.527421621534627,0.193834431758444,0.861008811310811,0.503323293421707,0.155696244037168,0.850950342806246
0.823333333333333,0.708241034453414,0.532718560087005,0.201114430330734,0.864322689843277,0.496646350506489,0.147703911716372,0.845588789296605
0.826666666666667,0.716728314659647,0.538135047008917,0.208558208385487,0.867711885632347,0.490384046007831,0.140282884619828,0.840485207395835
0.83,0.724809070483939,0.543672246244945,0.216162460041438,0.871182032448452,0.484607519102276,0.133534130726094,0.835680907478459
0.833333333333333,0.732465071927664,0.549331321739674,0.223923435283681,0.874739208195668,0.479387974625014,0.127556312239993,0.831219637010036
0.836666666666667,0.739683255567099,0.55511343743769,0.231836911140321,0.878389963735059,0.474796367753439,0.122444883984002,0.827147851522875
0.84,0.746455751095228,0.561019757283576,0.23989816170981,0.882141352857342,0.470903069674701,0.118291172209894,0.823514967139507
0.843333333333333,0.752779853067788,0.567051445221917,0.248101927212504,0.886000963231329,0.467777513742884,0.115181433416451,0.820373594069317
0.846666666666667,0.75865793928667,0.573209665197296,0.256442382305094,0.889976948089499,0.465487821626264,0.113195893543667,0.81777974970886
0.85,0.764097337770383,0.579495581154299,0.264913103974171,0.894078058334428,0.464100408939988,0.112407769425241,0.815793048454736
0.853333333333333,0.769110144747951,0.58591035703751,0.273507039416195,0.898313674658825,0.463679569854388,0.112882276750667,0.814476862958109
0.856666666666667,0.773712996565128,0.592455156791513,0.282216474416469,0.902693839166557,0.464287040163956,0.114675632177642,0.813898448150271
0.86,0.777926798806143,0.599131144360892,0.291033002859486,0.907229285862299,0.465981538296941,0.117834061831095,0.814129014762788
0.863333333333333,0.781776416306986,0.605939483690233,0.299947498136721,0.911931469243744,0.46881828374032,0.1223928344184,0.81524373306224
0.866666666666667,0.78529032806454,0.612881338724118,0.308950087363928,0.916812590084308,0.472848492349806,0.128375344737138,0.817321639962475
0.87,0.788500251327064,0.619957873407133,0.318030129475035,0.921885617339231,0.478118848009403,0.135792282502104,0.820445413516702
0.873333333333333,0.79144073938384,0.627170251683862,0.327176198418981,0.927164304948742,0.484670950099866,0.144640932005202,0.82470096819453
0.876666666666667,0.794148757753664,0.634519637498889,0.336376072841708,0.932663202156069,0.492540736230314,0.15490465960587,0.830176812854758
0.88,0.796663243602375,0.642007194796798,0.34561673377826,0.938397655815336,0.50175787968208,0.166552657322007,0.836963102042153
0.883333333333333,0.799024653298524,0.649634087522175,0.354884371996422,0.944383803047928,0.512345161008765,0.179540019967617,0.845150302049913
0.886666666666667,0.801274503043543,0.657401479619603,0.364164406707654,0.950638552531552,0.524317813231305,0.193808237556985,0.854827388905624
0.89,0.803454907489232,0.665310535033667,0.373441517374703,0.95717955269263,0.537682840061745,0.209286180373025,0.866079499750465
0.893333333333333,0.80560812118208,0.673362417708951,0.382699690277467,0.964025145140434,0.552438306584257,0.225891636988775,0.878984976179738
0.896666666666667,0.807776087552534,0.681558291590039,0.391922281328561,0.971194301851517,0.568572601816802,0.243533431859605,0.893611771774
0.9,0.81,0.689899320621516,0.401092096337867,0.978706544905165,0.586063672571731,0.262114097004599,0.910013248138863
0.903333333333333,0.812319879413501,0.698386668747966,0.410191489495959,0.986581847999974,0.604878228028414,0.281533003687206,0.928223452369622
0.906666666666667,0.814774172216559,0.707021499913974,0.419202480272176,0.994840519555773,0.624970914425937,0.301689782212191,0.948252046639683
0.91,0.817399372736199,0.715804978064124,0.428106888207922,1.00350306792033,0.646283459278682,0.322487784078233,0.970079134479131
0.913333333333333,0.82022967337367,0.724738267143,0.436886484248229,1.01259005003777,0.668743784512535,0.343837287740759,0.993650281284312
0.916666666666667,0.823296645702306,0.733822531095186,0.445523156330307,1.02212190586007,0.692265087914287,0.36565813351519,1.01887204231338
0.92,0.826628955240149,0.743058933865268,0.453999085990743,1.03211878173979,0.716744892281675,0.387881504418847,1.0456082801445
0.923333333333333,0.830252112245698,0.752448639397828,0.462296931832951,1.04260034696271,0.742064061656376,0.410450645984854,1.0736774773279
0.926666666666667,0.834188260468968,0.761992811637453,0.470400014895093,1.05358560837981,0.768085784017101,0.433320424058136,1.10285114397607
0.93,0.838456005361417,0.771692614528726,0.478292500360685,1.06509272869677,0.794654519804827,0.456455730477391,1.13285330913226
0.933333333333333,0.84307028281186,0.781549212016231,0.485959569737795,1.07713885429467,0.821594915647081,0.47982883532611,1.16336099596805
0.936666666666667,0.848042269035794,0.791563768044553,0.493387577657855,1.08973995843125,0.848710682642978,0.503415829621338,1.19400553566462
0.94,0.853379331807186,0.801737446558275,0.500564187842818,1.10291070527373,0.875783438565684,0.527192292450193,1.22437458468117
0.943333333333333,0.859085022789124,0.812071411501984,0.507478483554176,1.11666433944979,0.902571513333742,0.551128249592114,1.25401477707537
0.946666666666667,0.865159110297246,0.822566826820262,0.514121048924777,1.13101260471575,0.928808717097624,0.575182368711928,1.28243506548332
0.95,0.871597651421508,0.833224856457695,0.520484018903884,1.14596569401151,0.954203070282692,0.599295157895245,1.30911098267014
0.953333333333333,0.878393102041805,0.844046664358866,0.526561097010068,1.16153223170766,0.978435494924656,0.623380686170302,1.33349030367901
0.956666666666667,0.885534462904642,0.85503341446836,0.532347541564418,1.1777192873723,1.00115846662843,0.647315991975809,1.35500094128106
0.96,0.893007459585143,0.866186270730761,0.537840122449118,1.1945324190124,1.02199462647621,0.670926820987098,1.37306243196533
0.963333333333333,0.900794753844034,0.877506397090654,0.543037051601391,1.21197574257992,1.04053535220536,0.693967523481502,1.38710318092922
0.966666666666667,0.908876183605775,0.888994957492623,0.54793789133567,1.23005202364958,1.05633928797171,0.716091665244424,1.39658691069899
0.97,0.917229028534042,0.900653115881253,0.552543445147608,1.2487627866149,1.06893083200856,0.736807928392484,1.40105373562464
0.973333333333333,0.9258282979663,0.912482036201127,0.556855635887215,1.26810843651504,1.07779858148669,0.755413021120889,1.4001841418525
0.976666666666667,0.934647037791938,0.92448288239683,0.560877376120897,1.28808838867276,1.08239373387542,0.770889984457653,1.39389748329318
0.98,0.943656652719439,0.936656818412948,0.564612435182664,1.30870120164323,1.0821284440997,0.781759229833194,1.38249765836621
0.983333333333333,0.952827240278301,0.949005008194062,0.568065306906073,1.32994470948205,1.07637413678314,0.785880504399251,1.36686776916704
0.986666666666667,0.962127932841149,0.961528615684759,0.571241081398217,1.3518161499713,1.06445977286149,0.780250042689319,1.34866950303366
0.99,0.971527243930741,0.974228804829623,0.574145323529083,1.37431228613016,1.04567006984626,0.760945055300597,1.33039508439193
0.993333333333333,0.98099341509491,0.987106739573237,0.576783960119358,1.39742951902712,1.01924367501292,0.723478420696664,1.31500892932917
0.996666666666667,0.990494759689124,1.00016358386019,0.579163177159873,1.4211639905605,0.984371290782728,0.663663752764569,1.30507882880089
1,1,1.01340050163506,0.581289327816487,1.44551167545362,0.940193751562666,0.578506638165423,1.30188086495991
