"test","sa3","sa4","sa5"
0,0.53496066589731,0.325630631357624,0.000999999445513334
0.00333333333333333,0.498351281964804,0.284097852684174,0.040076017312908
0.00666666666666667,0.460556222821221,0.242219795527844,0.0788838245849043
0.01,0.42170982630402,0.200202432904382,0.11621412743142
0.0133333333333333,0.381962790496463,0.158262051239668,0.151836358432936
0.0166666666666667,0.341481466538109,0.116623611807824,0.185528960612845
0.02,0.300446926600152,0.0755192242288433,0.217079544385648
0.0233333333333333,0.259053811020412,0.0351889193063817,0.246286765816989
0.0266666666666667,0.217508963221881,0.00427455282661602,0.272962363455474
0.03,0.17602986839447,0.0422525526141929,0.296933158489893
0.0333333333333333,0.13484292996386,0.0788495278301286,0.318042960526563
0.0366666666666667,0.0941816912256879,0.113735839699346,0.336154347220568
0.04,0.0542856326762356,0.146683963988873,0.351150293551624
0.0433333333333333,0.0154122590479124,0.177477781025376,0.362935630035976
0.0466666666666667,0.0222953526966918,0.205913288538915,0.371438311661697
0.05,0.0584518815881995,0.231800652656044,0.37661048162109
0.0533333333333333,0.0929032584422197,0.254966357294633,0.378429316220326
0.0566666666666667,0.125414274791494,0.275255276520696,0.3768976397359
0.06,0.155767321259544,0.292532612069084,0.372044300466901
0.0633333333333333,0.183757932175575,0.30668566180882,0.363924301787717
0.0666666666666667,0.209196580398435,0.317625392425051,0.35261868461611
0.07,0.231910869371431,0.325287793508119,0.338234160352642
0.0733333333333333,0.251747687385937,0.329634993318522,0.320902495995826
0.0766666666666667,0.268575226894022,0.330656119452242,0.300779655774397
0.08,0.282284823975376,0.328367890665492,0.278044706255741
0.0833333333333333,0.292792586367404,0.322814929277504,0.252898494507827
0.0866666666666667,0.300040784041964,0.314069786847546,0.225562111606491
0.09,0.303998980095417,0.302232679191449,0.196275156914308
0.0933333333333333,0.304664883144321,0.287430930231261,0.165293823225431
0.0966666666666667,0.302064905879982,0.26981812762908,0.13288883343178
0.1,0.296254418032813,0.249572996625511,0.099343297067521
0.103333333333333,0.287317685740561,0.226898002002909,0.0649507674145823
0.106666666666667,0.275367493178351,0.202017691743048,0.0300162156185027
0.11,0.260544446259044,0.175176800180396,0.00528290710678759
0.113333333333333,0.243015962219401,0.146638134813816,0.040323109381017
0.116666666666667,0.222974952963615,0.116680285754588,0.0750704074758679
0.12,0.200638214200828,0.085595252750902,0.109147587241255
0.123333333333333,0.176244536948974,0.0536864324442491,0.142254250206312
0.126666666666667,0.150052563823722,0.0212725255748548,0.174100417915839
0.13,0.122338423299643,0.0114240566828668,0.204407395583608
0.133333333333333,0.0933932075249261,0.0439053345297907,0.232909951131948
0.136666666666667,0.0635205188639339,0.075983355127642,0.259358579998127
0.14,0.033035785282476,0.107322067212473,0.283521682605179
0.143333333333333,0.00244374295693653,0.137615330202903,0.3051876020826
0.146666666666667,0.0285567587563422,0.166568558678625,0.324166494307614
0.15,0.0589745579043574,0.193900393396365,0.340292009945019
0.153333333333333,0.088739706343248,0.219345213983212,0.353422771836238
0.156666666666667,0.117537710552473,0.242655662309307,0.363443633691053
0.16,0.145067991519607,0.263605033910176,0.370266708339661
0.163333333333333,0.171043743511562,0.281989486179975,0.373832156040867
0.166666666666667,0.195194473907702,0.297630032649611,0.374108725585884
0.17,0.217268716130388,0.310374299975733,0.371094043203349
0.173333333333333,0.237036626624478,0.320098028390648,0.364814646556607
0.176666666666667,0.254292386230367,0.326706299633501,0.355325763418261
0.18,0.26885636526088,0.330134479439812,0.342710836896045
0.183333333333333,0.280577023259936,0.330348864699473,0.327080801354691
0.186666666666667,0.289332520110159,0.32734702845289,0.308573115419766
0.19,0.295032019320949,0.321157858983766,0.287350560657437
0.193333333333333,0.297616668111833,0.311841292370047,0.26359981671204
0.196666666666667,0.297060242634756,0.29948774095098,0.237529825910526
0.2,0.293369450441418,0.284217223237317,0.209369962801359
0.203333333333333,0.286583886107335,0.26617820381859,0.179368027409029
0.206666666666667,0.276775639754665,0.245546154807428,0.147788087406414
0.21,0.264048562044164,0.222521853350447,0.114908213691986
0.213333333333333,0.248537193007922,0.197329432893988,0.0810182419983283
0.216666666666667,0.230405365857896,0.170214209772766,0.0464183711000809
0.22,0.209844500659156,0.141440313259015,0.0114387986987388
0.223333333333333,0.18707160664174,0.111288164742045,0.0237386209457365
0.226666666666667,0.162327016430807,0.0800519253174163,0.0586295344454445
0.23,0.135871882346014,0.0480375420694269,0.0930135183447642
0.233333333333333,0.107985481316083,0.0155721438196419,0.126580223352487
0.236666666666667,0.0789624382973879,0.0171283629925056,0.159033058787809
0.24,0.0491103811406736,0.0495823277612848,0.190086021350919
0.243333333333333,0.0187548222578173,0.0815689404230123,0.219465626502951
0.246666666666667,0.0118817417733916,0.112763494436188,0.246913188247737
0.25,0.0422922564104114,0.142860428488166,0.272187057243174
0.253333333333333,0.0722800792355854,0.171565958977529,0.295064733300073
0.256666666666667,0.101506175585173,0.198600110953577,0.315344817548284
0.26,0.129660083181513,0.223699279451585,0.332848782029985
0.263333333333333,0.156444129207935,0.246618750325134,0.347422539316364
0.266666666666667,0.181575411043905,0.267135068394876,0.358937797617406
0.27,0.204788565243683,0.285048208761443,0.36729318917568
0.273333333333333,0.225838508387337,0.300183523669877,0.372415161912524
0.276666666666667,0.244503004085083,0.312393443633634,0.374258626456603
0.28,0.260585002027449,0.321558915312794,0.372807352867915
0.283333333333333,0.273914716265303,0.327590561739986,0.368074113579867
0.286666666666667,0.284351417847456,0.330429553418843,0.36010057131108
0.29,0.291784921675385,0.330048181739879,0.348956912934752
0.293333333333333,0.296136751316046,0.326450129108696,0.334741232523608
0.296666666666667,0.297360969193121,0.319670433162358,0.317578668999998
0.3,0.295444663243149,0.30977514544693,0.29762030600585
0.303333333333333,0.290408084822046,0.296860687923331,0.275041843768501
0.306666666666667,0.282304436376099,0.281052913640813,0.250042054907983
0.31,0.271219311129142,0.26250588085556,0.222841038419926
0.313333333333333,0.257269790759679,0.241400352783197,0.193678288831122
0.316666666666667,0.240603210730028,0.217942038117061,0.162810601970773
0.32,0.221395606587927,0.192359590627074,0.130509849690558
0.323333333333333,0.199849858255316,0.16490239027295,0.0970606967614798
0.326666666666667,0.17619355329766,0.135838135866407,0.0627585720918509
0.33,0.150676595283654,0.105450301547466,0.0279111349743575
0.333333333333333,0.123568592796041,0.0740356110790331,0.00727875872006905
0.336666666666667,0.0951560928451705,0.041902484873306,0.0422610426600723
0.34,0.0657398570041511,0.00939723669110523,0.0769232107418308
0.343333333333333,0.0356335323417332,0.0233153964982648,0.110911536544408
0.346666666666667,0.00522717142233399,0.0557137760147336,0.143924388909491
0.35,0.0254320122828821,0.0875785134309477,0.175670566444045
0.353333333333333,0.0556957982077675,0.118591563239163,0.205870381680204
0.356666666666667,0.0853788993671499,0.148449512464591,0.234257875055052
0.36,0.11416184657459,0.176861002938596,0.260583089201111
0.363333333333333,0.1417395974149,0.20354897994331,0.284614245700926
0.366666666666667,0.167820544978315,0.22825326057317,0.306139775303001
0.37,0.192129082304144,0.250733028207053,0.324970175201736
0.373333333333333,0.214408392228891,0.270769163571642,0.340939674129191
0.376666666666667,0.234423120896005,0.288166373119965,0.353907689500469
0.38,0.251961848315012,0.30275508872911,0.363760063349352
0.383333333333333,0.266839314562803,0.314393118264111,0.370410066007934
0.386666666666667,0.278898373139548,0.322967030126739,0.373799158643171
0.39,0.288011648972348,0.328393257945953,0.373897507932957
0.393333333333333,0.294082882766672,0.330618914483979,0.370704248360708
0.396666666666667,0.297047947148536,0.329622306752348,0.364247489827836
0.4,0.29687552369455,0.325413147285706,0.354584070517379
0.403333333333333,0.293567433618417,0.318032459504386,0.341799057176369
0.406666666666667,0.287158618589389,0.307552178093564,0.326004997206048
0.41,0.27771677188726,0.29407444831745,0.307340929147065
0.413333333333333,0.265341623826109,0.277730631153129,0.285971160317871
0.416666666666667,0.250163889082278,0.25868002406069,0.262083822523249
0.42,0.232343887229686,0.237108310117333,0.235889218959727
0.423333333333333,0.212069851441478,0.21322575120925,0.207617977910838
0.426666666666667,0.189555944084097,0.187265144257718,0.177519032218004
0.43,0.165040002237313,0.15947956393737,0.14585745027502
0.433333333333333,0.13878104253252,0.130139924343525,0.112912165152044
0.436666666666667,0.111056569185417,0.0995324207758189,0.0789737462953005
0.44,0.0821597824449925,0.0679560562725767,0.0443431427093525
0.443333333333333,0.0523971040267244,0.0357217647515217,0.00935959559577017
0.446666666666667,0.0220907026687727,0.00327522697320437,0.0258211201324989
0.45,0.00854329839655348,0.0295174181482184,0.060690592918685
0.453333333333333,0.0389604548306926,0.0618403167743117,0.0950339648099059
0.456666666666667,0.0690065738285934,0.0935666624328206,0.128542302128743
0.46,0.0983273678152096,0.124382511380845,0.160919570570061
0.463333333333333,0.126610716138565,0.15398663994951,0.191880411153168
0.466666666666667,0.153557288891307,0.182090227838397,0.221152123436856
0.47,0.178882251394862,0.208419245149878,0.248476947137335
0.473333333333333,0.202318015665076,0.232717019556369,0.273614293665807
0.476666666666667,0.223616995611507,0.254746703847969,0.296342849274234
0.48,0.242554196782992,0.274293570693909,0.316462516335749
0.483333333333333,0.258929582164198,0.291167099138967,0.333796170935254
0.486666666666667,0.272570179956707,0.305202828197228,0.348191219578213
0.49,0.283331907912351,0.316263957851607,0.359520940640589
0.493333333333333,0.291101093691284,0.324242681177194,0.36768559848619
0.496666666666667,0.295795674637546,0.329061234303306,0.372613320350046
0.5,0.29736606404441,0.330672653841909,0.374260728247248
0.503333333333333,0.295795674637549,0.32906123433609,0.372613320350045
0.506666666666667,0.291101093691291,0.324242681242449,0.367685598486188
0.51,0.28333190791236,0.316263957948711,0.359520940640586
0.513333333333333,0.27257017995672,0.305202828325255,0.348191219578209
0.516666666666667,0.258929582164213,0.291167099296697,0.333796170935249
0.52,0.242554196783009,0.274293570879841,0.316462516335744
0.523333333333333,0.223616995611527,0.254746704060334,0.296342849274229
0.526666666666667,0.202318015665098,0.232717019793147,0.2736142936658
0.53,0.178882251394885,0.208419245408821,0.248476947137328
0.533333333333333,0.153557288891334,0.182090228117048,0.221152123436848
0.536666666666667,0.126610716138594,0.15398664024523,0.19188041115316
0.54,0.0983273678152373,0.124382511690838,0.160919570570053
0.543333333333333,0.0690065738286224,0.0935666627541543,0.128542302128734
0.546666666666667,0.0389604548307225,0.0618403171039434,0.0950339648098965
0.55,0.00854329839657947,0.0295174184829262,0.0606905929186767
0.553333333333333,0.0220907026687375,0.00327522665234672,0.0258211201324903
0.556666666666667,0.0523971040266979,0.0357217644157222,0.0093595955957939
0.56,0.0821597824449655,0.0679560559408726,0.0443431427093675
0.563333333333333,0.111056569185392,0.099532420451359,0.0789737462953117
0.566666666666667,0.138781042532497,0.130139924029316,0.112912165152053
0.57,0.165040002237291,0.159479563636309,0.14585745027503
0.573333333333333,0.189555944084076,0.187265143972552,0.177519032218013
0.576666666666667,0.212069851441461,0.213225750942565,0.207617977910846
0.58,0.232343887229672,0.237108309871534,0.235889218959736
0.583333333333333,0.250163889082268,0.258680023837961,0.262083822523258
0.586666666666667,0.265341623826102,0.277730630955431,0.285971160317879
0.59,0.277716771887257,0.294074448146496,0.307340929147072
0.593333333333333,0.287158618589389,0.3075521779508,0.326004997206055
0.596666666666667,0.293567433618421,0.318032459390983,0.341799057176375
0.6,0.296875523694558,0.325413147202553,0.354584070517384
0.603333333333333,0.297047947148548,0.329622306700038,0.364247489827839
0.606666666666667,0.294082882766687,0.330618914462808,0.370704248360711
0.61,0.288011648972368,0.328393257955923,0.373897507932959
0.613333333333333,0.278898373139571,0.322967030167555,0.373799158643173
0.616666666666667,0.266839314562829,0.314393118335187,0.370410066007935
0.62,0.251961848315042,0.302755088829579,0.363760063349352
0.623333333333333,0.234423120896037,0.288166373248686,0.353907689500467
0.626666666666667,0.214408392228926,0.270769163727219,0.34093967412919
0.63,0.192129082304182,0.250733028387842,0.324970175201733
0.633333333333333,0.167820544978356,0.228253260777305,0.306139775302997
0.636666666666667,0.141739597414942,0.203548980168718,0.284614245700923
0.64,0.114161846574634,0.176861003183024,0.260583089201107
0.643333333333333,0.0853788993671967,0.14844951272562,0.234257875055046
0.646666666666667,0.0556957982078163,0.118591563514243,0.205870381680198
0.65,0.0254320122829213,0.087578513717415,0.175670566444039
0.653333333333333,0.00522717142227027,0.0557137763098285,0.143924388909485
0.656666666666667,0.0356335323416818,0.0233153967989841,0.110911536544401
0.66,0.0657398570041012,0.00939723638877584,0.0769232107418221
0.663333333333333,0.0951560928451232,0.0419024845691282,0.0422610426600657
0.666666666666667,0.123568592795998,0.0740356107773679,0.0072787587200538
0.67,0.150676595283611,0.105450301251098,0.0279111349743674
0.673333333333333,0.176193553297618,0.135838135577998,0.0627585720918589
0.676666666666667,0.199849858255278,0.164902389995056,0.0970606967614901
0.68,0.221395606587892,0.192359590362111,0.130509849690566
0.683333333333333,0.240603210729996,0.217942037867302,0.16281060197078
0.686666666666667,0.25726979075965,0.241400352550737,0.19367828883113
0.69,0.271219311129117,0.262505880642306,0.222841038419934
0.693333333333333,0.282304436376077,0.281052913448466,0.250042054907991
0.696666666666667,0.290408084822027,0.29686068775337,0.275041843768508
0.7,0.295444663243134,0.309775145300606,0.297620306005857
0.703333333333333,0.29736096919311,0.319670433040679,0.317578669000004
0.706666666666667,0.29613675131604,0.326450129012423,0.334741232523613
0.71,0.291784921675382,0.330048181669524,0.348956912934758
0.713333333333333,0.284351417847458,0.330429553374663,0.360100571311083
0.716666666666667,0.273914716265308,0.327590561721987,0.368074113579871
0.72,0.260585002027457,0.321558915320737,0.372807352867918
0.723333333333333,0.244503004085095,0.312393443667037,0.374258626456607
0.726666666666667,0.225838508387352,0.300183523728024,0.372415161912527
0.73,0.204788565243701,0.285048208843396,0.367293189175682
0.733333333333333,0.181575411043926,0.267135068499489,0.358937797617407
0.736666666666667,0.156444129207958,0.246618750451063,0.347422539316365
0.74,0.129660083181539,0.223699279597306,0.332848782029986
0.743333333333333,0.101506175585202,0.19860011111741,0.315344817548284
0.746666666666667,0.072280079235613,0.171565959157647,0.295064733300073
0.75,0.0422922564104429,0.142860428682621,0.272187057243174
0.753333333333333,0.0118817417734383,0.112763494642928,0.246913188247735
0.756666666666667,0.0187548222578054,0.0815689406399047,0.219465626502949
0.76,0.0491103811406419,0.0495823279861236,0.190086021350916
0.763333333333333,0.0789624382973584,0.0171283632227676,0.159033058787805
0.766666666666667,0.107985481316055,0.0155721435859496,0.126580223352485
0.77,0.135871882345983,0.0480375418340055,0.0930135183447606
0.773333333333333,0.162327016430778,0.0800519250828521,0.0586295344454407
0.776666666666667,0.187071606641712,0.111288164510501,0.0237386209457318
0.78,0.20984450065913,0.141440313032567,0.0114387986987146
0.783333333333333,0.230405365857871,0.170214209553394,0.0464183711000845
0.786666666666667,0.2485371930079,0.197329432683566,0.0810182419983304
0.79,0.264048562044142,0.222521853150725,0.114908213691988
0.793333333333333,0.276775639754646,0.245546154620017,0.147788087406416
0.796666666666667,0.286583886107319,0.26617820364495,0.179368027409032
0.8,0.293369450441404,0.284217223078749,0.20936996280136
0.803333333333333,0.297060242634745,0.299487740808614,0.237529825910528
0.806666666666667,0.297616668111824,0.311841292244836,0.263599816712043
0.81,0.295032019320943,0.32115785887648,0.287350560657439
0.813333333333333,0.289332520110156,0.327347028364114,0.308573115419768
0.816666666666667,0.280577023259935,0.330348864629606,0.327080801354693
0.82,0.268856365260882,0.330134479389067,0.342710836896046
0.823333333333333,0.254292386230372,0.326706299601908,0.355325763418262
0.826666666666667,0.237036626624484,0.320098028378058,0.364814646556608
0.83,0.217268716130397,0.310374299981824,0.37109404320335
0.833333333333333,0.195194473907713,0.297630032673898,0.374108725585884
0.836666666666667,0.171043743511575,0.281989486221815,0.373832156040868
0.84,0.145067991519621,0.263605033968783,0.37026670833966
0.843333333333333,0.11753771055249,0.24265566238376,0.363443633691052
0.846666666666667,0.0887397063432655,0.219345214072471,0.353422771836237
0.85,0.0589745579043781,0.193900393499283,0.340292009945018
0.853333333333333,0.0285567587563655,0.166568558793963,0.324166494307613
0.856666666666667,0.00244374295702739,0.137615330329343,0.305187602082599
0.86,0.0330357852824659,0.107322067348633,0.283521682605177
0.863333333333333,0.0635205188639164,0.0759833552720939,0.259358579998125
0.866666666666667,0.0933932075249059,0.0439053346810661,0.232909951131945
0.87,0.122338423299623,0.0114240568389329,0.204407395583605
0.873333333333333,0.150052563823703,0.0212725254144526,0.174100417915836
0.876666666666667,0.176244536948955,0.0536864322812615,0.142254250206308
0.88,0.200638214200811,0.0855952525868919,0.109147587241254
0.883333333333333,0.222974952963598,0.116680285590959,0.0750704074758641
0.886666666666667,0.243015962219385,0.14663813465191,0.0403231093810087
0.89,0.26054444625903,0.175176800021489,0.0052829071068086
0.893333333333333,0.275367493178338,0.202017691588344,0.0300162156185045
0.896666666666667,0.287317685740549,0.226898001853523,0.0649507674145849
0.9,0.296254418032803,0.249572996482473,0.0993432970675244
0.903333333333333,0.302064905879973,0.26981812749332,0.132888833431784
0.906666666666667,0.304664883144314,0.287430930103608,0.165293823225434
0.91,0.303998980095412,0.302232679072625,0.196275156914312
0.913333333333333,0.30004078404196,0.314069786738163,0.225562111606494
0.916666666666667,0.292792586367402,0.322814929178066,0.25289849450783
0.92,0.282284823975377,0.328367890576392,0.278044706255743
0.923333333333333,0.268575226894024,0.330656119373764,0.3007796557744
0.926666666666667,0.251747687385941,0.329634993250841,0.320902495995828
0.93,0.231910869371437,0.32528779345131,0.338234160352644
0.933333333333333,0.209196580398442,0.317625392379086,0.352618684616112
0.936666666666667,0.183757932175582,0.306685661773579,0.363924301787719
0.94,0.155767321259553,0.292532612044359,0.372044300466903
0.943333333333333,0.125414274791504,0.275255276506194,0.376897639735901
0.946666666666667,0.0929032584422293,0.254966357289988,0.378429316220327
0.95,0.058451881588208,0.231800652660825,0.376610481621092
0.953333333333333,0.0222953526967042,0.205913288552627,0.371438311661698
0.956666666666667,0.0154122590478944,0.177477781047475,0.362935630035976
0.96,0.0542856326762203,0.146683964018771,0.351150293551624
0.963333333333333,0.0941816912256708,0.113735839736421,0.336154347220568
0.966666666666667,0.134842929963844,0.0788495278737331,0.318042960526564
0.97,0.176029868394453,0.0422525526636468,0.296933158489893
0.973333333333333,0.217508963221863,0.0042745528797175,0.272962363455474
0.976666666666667,0.259053811020394,0.0351889192472406,0.246286765816989
0.98,0.300446926600134,0.0755192241658663,0.217079544385647
0.983333333333333,0.341481466538091,0.116623611741688,0.185528960612844
0.986666666666667,0.381962790496446,0.158262051171025,0.151836358432936
0.99,0.421709826304005,0.200202432833864,0.116214127431418
0.993333333333333,0.460556222821205,0.242219795456055,0.0788838245849029
0.996666666666667,0.498351281964788,0.284097852611686,0.0400760173129094
1,0.534960665897294,0.325630631284974,0.000999999445457823
