"feasible.1","feasible.2"
0.445393332591045,0.475215777868039
0.537174582719654,0.414069908597113
0.582964293115847,0.404510235927009
0.495459445962706,0.431527099114077
0.631216383832854,0.402492110738482
0.563237535232645,0.416434490987635
0.484880581661465,0.446670797023135
0.504100920774708,0.417976668420313
0.615020576197279,0.409256495892268
0.421811462725652,0.498954810600115
0.555527193363851,0.418298758537562
0.39674213692988,0.518498211607949
0.604781440894718,0.412320764694957
0.659201434841051,0.396182209819416
0.507727575769275,0.432092421377162
0.54715813363655,0.40508210975952
0.503938721642974,0.441646712549352
0.591357829178988,0.406060514137612
0.579831602038874,0.413129564463331
0.575487783318926,0.414797618042361
0.525472831585139,0.416204205869818
0.500922639113581,0.424802637513906
0.564718826876567,0.417256276387535
0.489610577424238,0.450630272087797
0.456743572654829,0.466208038551335
0.516715273615047,0.427234507624602
0.402717449155669,0.519666220294719
0.561450602155365,0.417707763507902
0.507974015736214,0.428893956297017
0.543683056852422,0.415129457086909
0.623680109041904,0.401008078464302
0.543668201783935,0.411994439517271
0.403797647109965,0.520411605260444
0.463899432077711,0.465032206803327
0.494308413248218,0.447061306470782
0.539657463352883,0.43163982946916
0.581603691009677,0.414376724335991
0.405615779159414,0.509622487249812
0.523980076279787,0.436628237816791
0.54557556767789,0.410282586735415
0.410447788640335,0.531835102124335
0.612101607250581,0.407634654414323
0.51475115517955,0.411671574467954
0.620406323613545,0.405786262559181
0.57047538244667,0.418896534949169
0.53467261466797,0.408264408862274
0.497926184078329,0.438722327805709
0.469900571397687,0.461301165084711
0.629310928072589,0.399156569951621
0.586049858167665,0.40933558278094
0.556495635745022,0.412163852041021
0.392941367115993,0.519869227464008
0.560902386503809,0.411970548296627
0.524435918346022,0.410532418432985
0.475739716016664,0.444384558479306
0.480814849092402,0.439765280063134
0.565057666518982,0.421484726640352
0.595129078445439,0.399408929392924
0.498787777088271,0.41981497161214
0.584148124858043,0.406789966995867
0.473760433747948,0.453447435963317
0.417147079307423,0.499854287584883
0.55053080544055,0.407272095863419
0.649427342734421,0.397505008243076
0.500701591477618,0.429047362266406
0.678458963077101,0.391791410321097
0.594338205897892,0.41081366133716
0.607471803619594,0.407296865192757
0.656703220347543,0.393272558676449
0.614061469730502,0.409842653047282
0.521717549824829,0.439702037937068
0.57026172318165,0.417862381476413
0.600817841698353,0.411639419890833
0.54440103131433,0.419621197695322
0.670242222462681,0.393961059510459
0.555877786930834,0.414299190455864
0.4997897866574,0.428902916888057
0.549445444306165,0.429639543376227
0.568308100682781,0.418256129877514
0.46153049276842,0.463743664473922
0.668646861537101,0.389499216253685
0.536715185186316,0.413540780865594
0.485491301540672,0.433466242723947
0.660526034433413,0.396858845132899
0.508162586473532,0.432852283052471
0.548330784738399,0.421031869471923
0.515223900335815,0.41960363151951
0.525069138162113,0.421089718793759
0.572635361762615,0.420725163437373
0.582465890912891,0.419278303959805
0.481927208606484,0.453911706684972
0.553594607347599,0.414547877596477
0.537846870952493,0.4135112403217
0.600440449153548,0.399532002976753
0.412312855252158,0.516206195878696
0.496058486080728,0.43821124751148
0.52725786113455,0.43473635534948
0.494331381835055,0.441500216902096
0.495862694361673,0.44954659998398
0.632112545894741,0.398607180198363
0.568195165048856,0.408275170005981
0.492520250549566,0.44357225741812
0.543617054668625,0.419776534634111
0.609748269785664,0.405961081190689
0.496479810667352,0.447862126443246
0.482939775820055,0.453176350490511
0.52587500970176,0.415278391682594
0.543060927880611,0.427977916661496
0.654759351644802,0.397001656430331
0.403491006289765,0.527735369592367
0.413753805788131,0.51803283467317
0.405509471061041,0.516247357410998
0.670872914458762,0.391643108683038
0.571428180905543,0.402782546314669
0.513253567757118,0.440615832120734
0.679649104940107,0.39122799520991
0.6195240799642,0.398042018258171
0.555864746787192,0.40692048054764
0.534250255161985,0.408395528362996
0.605289843613263,0.398828180524318
0.52412335240856,0.429149860603907
0.404570623713485,0.50917172347646
0.550627704825834,0.409611098344591
0.508000717586463,0.42667000437699
0.515266625907591,0.417844789581194
0.642130021840089,0.393672169361829
0.514070014514099,0.428164708891164
0.460426135457563,0.466088008210273
0.55838710067492,0.418908014757964
0.510772772716032,0.424494792628007
0.611841425125005,0.409721742126676
0.406108255580901,0.515135309510508
0.593301758653077,0.404746166986157
0.613744693711556,0.398698107099591
0.414873899825944,0.509485794555405
0.560502023194842,0.425120057654507
0.697767520716467,0.384753939801282
0.4834712703273,0.442954872821185
0.549407375385489,0.410551099247665
0.538907493110518,0.421375070315225
0.464329542340785,0.459377664055161
0.400813650271958,0.512114736532175
0.39387239408927,0.523389043005798
0.471628996781819,0.449333360784955
0.599044355841051,0.405330261486885
0.489058061726438,0.452081472265529
0.580287589678303,0.413638270116879
0.534566320021374,0.412182143519612
0.545055548800828,0.430457415494423
0.530040975382503,0.416165725523008
0.406579576812456,0.526263282426405
0.502158184296661,0.419007149074951
0.554762856397915,0.40988729249404
0.394241845457326,0.52632203391118
0.399322924272015,0.524986181070928
0.572642498299477,0.420869577074298
0.641425796006168,0.397870490936111
0.697484315836939,0.385844486787384
0.612414237013536,0.408349991105576
0.508865025249755,0.424013048835676
0.527667376676786,0.409776506738169
0.524070106153311,0.422600327790554
0.592303174101596,0.408819195688986
0.52440550474942,0.434003153201633
0.407973118693582,0.529786903828171
0.571975851389971,0.41877417297208
0.552763898079388,0.412467983485442
0.60160438981188,0.412773982482417
0.576150178083247,0.41198884584754
0.584578241887218,0.402852827429892
0.58742488288895,0.416182817264532
0.507316044208373,0.42666893425826
0.541543483560136,0.414317444095083
0.533101684842859,0.410268272916712
0.483525367954208,0.440680208379598
0.403682882217129,0.522574334754983
0.408064814890537,0.506751046285655
0.587980308634923,0.413953302960806
0.484711634521156,0.451261321619207
0.441317714796327,0.478854413016955
0.521893984742265,0.424987553516242
0.506032593612087,0.436309961720814
0.401260129492579,0.522338035531929
0.537025819882865,0.40894670295109
0.394501605107519,0.524703918978064
0.519722390931256,0.410190416250306
0.400374710196136,0.529886461406215
0.701522005209373,0.385227108587939
0.43004035860826,0.488808741112116
0.604934054647188,0.401683353981874
0.484782807711682,0.442027207228085
0.485144431332664,0.438474496066014
0.542247403560819,0.408382954050915
0.549966135866984,0.405430513097669
0.595362670091298,0.406444806541565
0.507077627441923,0.422897337307837
0.598415021861058,0.400089689219308
0.606642771040679,0.400132115666652
0.565504247737492,0.403440547440376
0.521631517098593,0.417713181566836
0.545794724165879,0.421025313820133
0.555414925878628,0.420935258462816
0.417398945656337,0.50021486642851
0.505337468737806,0.418503100593272
0.518718334376193,0.41905259818861
0.546091448427094,0.419862414120075
0.644266509718071,0.395636922192029
0.604150192682014,0.407335520222692
0.581516985984177,0.417027442776586
0.484081044099818,0.446658823640677
0.500326917661035,0.417293848935068
0.591448209768829,0.415366390580914
0.632128614019356,0.402893180170122
0.493373716146909,0.447727433104175
0.492398390179891,0.444619465347833
0.615826311159027,0.408042908536775
0.6276068077516,0.399888997696829
0.515012650085415,0.427908504485826
0.648749504649369,0.394058804027254
0.505031620264144,0.427338682713902
0.642505639305937,0.397394408474897
0.527176328195613,0.416612106239377
0.493812725790828,0.422792595113285
0.643605189784092,0.395424146477184
0.53914961865505,0.409594624573579
0.389864158661796,0.525558733220925
0.541503445349738,0.420270589179948
0.600260545409587,0.403775669885029
0.414292808154998,0.517451207979568
0.580872929295991,0.402964106977845
0.524911044397363,0.408668557038601
0.398016008934879,0.518174487108085
0.618190120438447,0.397574557491532
0.576086441372982,0.418482310561799
0.562546617782312,0.425656410260212
0.585336837238839,0.418625088992347
0.522911738304247,0.420061600627566
0.397492171506572,0.527516518211272
0.533540855367396,0.415436776563858
0.527354240517388,0.430108468643075
0.394020297639912,0.525566541516888
0.592358899019689,0.40973333746549
0.613378665562645,0.407111451292373
0.456720541651926,0.466756435262929
0.532119545059362,0.410140876582477
0.405131055946823,0.516815780262444
0.509806354600894,0.427271021090311
0.665602680012935,0.394751782349916
0.527102496910812,0.419328134843893
0.409480052241904,0.508146588142251
0.585279834755794,0.405954727694448
0.5311693411695,0.431901795631251
0.50828975726773,0.42693891605387
0.509251364855771,0.413112377128166
0.538666890678762,0.417651261240342
0.61266686339969,0.409368200885677
0.507637439928621,0.41538748126507
0.382672153676155,0.525539153472239
0.401464403070079,0.520490702852136
0.403484503960456,0.53120313329499
0.591707852422348,0.400313862199592
0.681679639021875,0.387153859776044
0.681631008784196,0.389773600385222
0.407573500451245,0.51018520519956
0.614913180215219,0.408723796926485
0.513763578113441,0.422782776564653
0.417537073206571,0.498203323840918
0.494712656312152,0.43233622293982
0.578883873084658,0.420199112180423
0.536165049471839,0.43406230607989
0.587528450843613,0.405163110578558
0.618768598946475,0.399853682421739
0.507141081752731,0.411500850038617
0.409727179432774,0.5134724359069
0.402192210864383,0.514285426298256
0.526956816720031,0.426574567394399
0.543919709220906,0.420620498687082
0.505053276618705,0.423716977183933
0.507481114327873,0.432618746997525
0.536539106465238,0.429454143754679
0.558350638940905,0.408024517966812
0.470864978925551,0.455864238133065
0.409810937087883,0.532726508601229
0.523423618900615,0.416549369754931
0.566903039887324,0.406952676953734
0.548197653575172,0.418921816111307
0.518390837200256,0.413825802946868
0.627550819090277,0.401481565194011
0.669157581985402,0.393429643655189
0.505021870758154,0.436741136175147
0.618133093780561,0.405004199680593
0.516924963261762,0.416124300947299
0.562883548744549,0.409601335193063
0.438048772574905,0.482764322819384
0.55516826036083,0.421886735633695
0.402929298798847,0.525203545249738
0.590430924770439,0.398747852115962
0.483976043088767,0.444009550913638
0.513464271341856,0.427426982870323
0.567340150213987,0.414084021961894
0.49928734080106,0.431882666217692
0.398755269180646,0.529969519738597
0.526905433064222,0.425791043456243
0.520216620647192,0.416294105506984
0.507084045696694,0.432495250234939
0.399971311402416,0.513822017885013
0.485487264040259,0.436531161518218
0.523587778361414,0.421728595349626
0.631511920871509,0.402321413801487
0.532840497248354,0.409499413126118
0.583933351675735,0.413369730460013
0.576552457787031,0.40236788538509
0.404288072264518,0.516744816887546
0.492772535238005,0.451896654772405
0.409558107951689,0.513114783851735
0.639397970133503,0.396166367209163
0.393221905026394,0.522105884501154
0.520489950852788,0.440205112909994
0.592675737411645,0.404079341702424
0.501530645551872,0.441392114013152
0.527348890422187,0.422324367898926
0.541201388191553,0.41180008269707
0.60805542421849,0.407354953028471
0.658950351460588,0.396299342291339
0.536129315013478,0.417793760154205
0.527436141504424,0.435233626517796
0.577514024929427,0.408848188448492
0.575902792957085,0.408898215357286
0.500723901134012,0.446516674879026
0.464958969767457,0.460858492209353
0.540222154577018,0.426222300866246
0.574834940995777,0.419530813696643
0.538084860552079,0.426144954566893
0.385677445883104,0.528772814289336
0.57310496265149,0.415839003997752
0.410758714250778,0.504035317621122
0.627515222850577,0.397894779805548
0.605708277877059,0.405572353438043
0.463713620224921,0.458473438235989
0.53316103674046,0.418410373814593
0.645847476569207,0.396090591466704
0.557512529810781,0.410621022689575
0.515098243664922,0.425532111620852
0.528413598144497,0.431374484794387
0.643486795194857,0.397176891705105
0.504710928943923,0.417199346009865
0.528060441487003,0.411339496371944
0.595815567615449,0.398481659756745
0.505537276041899,0.41772626207809
0.504571297227221,0.438066643478158
0.443999213166358,0.474917927144184
0.409607636669124,0.507157981674052
0.509514326692033,0.435357608607926
0.585136723022587,0.41436662511009
0.48723185073246,0.449735356107575
0.550175452325298,0.412202325631718
0.528597637678457,0.414704286798378
0.67817102930184,0.388023862871162
0.549524450162475,0.414179403536785
0.634304322413141,0.396077995473645
0.629203015865732,0.402882605380006
0.636409525185623,0.398804431159317
0.494898220170308,0.427060947975519
0.500963339839659,0.446249128058385
0.658145073965562,0.395614783662953
0.481738756404875,0.455812945945999
0.497632690309191,0.420099292086926
0.506114887631023,0.440743365731479
0.502049051852312,0.432024159395173
0.686011237842443,0.385984474965937
0.388661575719391,0.526479338689456
0.574078797664971,0.41206667607453
0.4735485254308,0.451759610342879
0.490100335140303,0.42782411101571
0.497046533926029,0.446228090713976
0.596601534657658,0.412797228237418
0.599962190572864,0.413202521427392
0.53970960368312,0.414233108272494
0.489306722634758,0.449053885721513
0.461647662580048,0.465537672719255
0.544690200592496,0.419633572991122
0.532149948573071,0.432409591294611
0.507156621522622,0.423647836193061
0.488281996195237,0.446202975558979
0.663270299290458,0.391154039809038
0.435199624794924,0.483707509835467
0.497621124333332,0.444279814531051
0.581620806701181,0.41979471958874
0.421719605750532,0.499323408473388
0.487540668004535,0.447349368943276
0.557118350505815,0.405427232162117
0.560547216750472,0.408318350011869
0.473929364230114,0.453438159350785
0.643427010962197,0.394199840914463
0.482534671785394,0.441580513649094
0.585811789230648,0.41268929439361
0.614835624791055,0.39662695212953
0.473710947481338,0.447994512903171
0.402208471428133,0.523392000620791
0.505709579295744,0.446713987859143
0.540676179385642,0.41196246485122
0.610112439002926,0.397554405115915
0.506246761584645,0.423227712390421
0.404119046558875,0.525917302508564
0.500509107745076,0.428799873039573
0.468117376381909,0.455959537420413
0.553792012828768,0.409754998879952
0.511249783288222,0.437441373480016
0.582915225655856,0.415780348034233
0.508498231209386,0.441983286373988
0.533398105538133,0.413802436563328
0.49083648790386,0.429825454655322
0.408382529862232,0.530981199955742
0.508953518070374,0.412405611145033
0.55354125173101,0.417076140686027
0.506511227346829,0.444301225471133
0.498391632868503,0.441045179159597
0.623889068118406,0.406548229488872
0.500830533247369,0.415253492849853
0.545501491918976,0.425217105733769
0.398904741281916,0.529450458299771
0.525146536385007,0.416331179852812
0.412487952732057,0.526219644429458
0.405578447517811,0.516135534419494
0.547534059176724,0.421841606810137
0.629821313296331,0.401933165926884
0.690907408462977,0.385346919520667
0.595956631618813,0.406754666535573
0.507658518825632,0.426741294085772
0.658786499389666,0.394580280215708
0.57953786240092,0.406869029149138
0.503317438292324,0.432983077883068
0.503542853900308,0.41767112938246
0.631780512795716,0.394269262487846
0.616553947163376,0.405076892186312
0.414222330007635,0.527667423468181
0.577167823383063,0.415149360830518
0.55875414015044,0.426917588213333
0.559931402433286,0.411543743538437
0.405316948338842,0.528431121373151
0.41560516234329,0.507853088115631
0.652183238543877,0.394637504972194
0.598021931857767,0.406476467877328
0.484942917104077,0.447507374801913
0.513548314382492,0.422498800816233
0.390986926455956,0.524929789547923
0.65655321609539,0.395766680481308
0.517130697829933,0.43509290674767
0.568230878265609,0.413415587453071
0.602439587967682,0.407589316042794
0.390818253360458,0.526167208674338
0.7068358440988,0.383717874423256
0.52559341143135,0.432250443066794
0.539946930111297,0.415749569520436
0.618501048978127,0.395829641008696
0.519348893629138,0.431926383802469
0.583183327182645,0.4004511515817
0.387169368058934,0.522920947049297
0.57747938472115,0.403311576233665
0.470681467846611,0.462003883099481
0.574324918919792,0.417067820804582
0.410218682908393,0.514474917605
0.459549000881894,0.462489275913476
0.409702582963777,0.516991655064158
0.465925903437976,0.458714879361931
0.473483035774166,0.453904408329362
0.491843318214149,0.426011635396464
0.399741148650856,0.515948667759395
0.506930051114385,0.413424273740726
0.547791448244995,0.417120247164979
0.512149199289146,0.429292986329028
0.593289386808802,0.405939565311219
0.590039922245198,0.412896707275964
0.511875795650766,0.430532518658375
0.545385452219441,0.41961782930786
0.404744933048647,0.525673669043861
0.602062860272662,0.404222348037518
0.495013992307312,0.443598589225237
0.539584881749039,0.418105412044462
0.516067588121647,0.422870649530354
0.665152903042713,0.394795853460226
0.410250985834803,0.516114621036819
0.543331165294373,0.407563328870577
0.501741273238631,0.436943767361506
0.500215705004074,0.44641987892891
0.402363597603429,0.528652121466119
0.581362886163439,0.414380553756095
0.39958585966975,0.518315535019604
0.408930053844282,0.515881296128447
0.639093932279365,0.39870585155081
0.550518195709656,0.42798616777177
0.522332646835686,0.439675537950941
0.502234039382252,0.413674826338391
0.498820255984701,0.43641852530085
0.507711214617908,0.427727935788962
0.544850259538507,0.406300242228333
0.540798562391209,0.420153769683782
0.391259250833069,0.528668216892884
0.412352824565314,0.518389828953603
0.551740937287817,0.409146084277555
0.608975211852873,0.403427306987105
0.395201039081472,0.518231959487221
0.396242331706726,0.516094357452954
0.669823764392068,0.388419762548376
0.533984178013161,0.430914755485014
0.50105184320593,0.440427206460116
0.398607213127539,0.514756581485376
0.543882183145815,0.405121306710087
0.510102597464209,0.413492609940586
0.497844432532145,0.425238355323658
0.517697329280975,0.437470815254822
0.503800797799761,0.444876681354844
0.408649253296212,0.508045280406054
0.660103417871168,0.389703865165792
0.527403059850638,0.413965287715069
0.696746482500446,0.386096763498513
0.419826697748993,0.500261735307307
0.485248652513339,0.45132381965505
0.632165642620323,0.393148003977963
0.598081591778609,0.39856516103463
0.496720447653481,0.449499959820923
0.645902160973672,0.400242188682684
0.488475192780201,0.438482026683106
0.393346445336051,0.521518737793241
0.408978146394365,0.508271975362601
0.547608426025198,0.413101837588958
0.412753484393107,0.515541289487733
0.489247817368319,0.440622691551228
0.55157806949398,0.427141140667989
0.520084773310465,0.42133698955992
0.56526186527825,0.412085369214362
0.599820199777256,0.402409577029925
0.634849002014692,0.394251335041104
0.624517799427744,0.404327533619755
0.543599380045817,0.408648832079235
0.653067516152549,0.39069326433518
0.447910491615394,0.475161152273621
0.397854059491821,0.52936731066359
