"p1","p2","exact.1","exact.2","den.1","den.2"
0,0,3.00422627401616e-92,0.0146104905314698,6.90191532829916e-06,0.00138912265214765
0.00334448160535117,0.00334448160535117,1.01807788870144e-86,0.0149298206886034,5.96671962783341e-06,0.00116675538783048
0.00668896321070234,0.00668896321070234,2.11350341609342e-81,0.0152562702529819,4.58985352310653e-06,0.000967237559466678
0.0100334448160535,0.0100334448160535,2.7101351941557e-76,0.0155899982632235,3.00217788307245e-06,0.000799652022883133
0.0133779264214047,0.0133779264214047,2.16429200853392e-71,0.0159311703692249,1.68161901370614e-06,0.000672128109006534
0.0167224080267559,0.0167224080267559,1.08524281938845e-66,0.0162799583657737,1.4447002148534e-06,0.00059253512709281
0.020066889632107,0.020066889632107,3.44470383896356e-62,0.0166365367335175,3.54454279408875e-06,0.000569400349732862
0.0234113712374582,0.0234113712374582,6.97745470491678e-58,0.0170010836211217,9.76584088754954e-06,0.000612927993577822
0.0267558528428094,0.0267558528428094,9.09174419920857e-54,0.0173737840152823,2.25032201197626e-05,0.000735972144574544
0.0301003344481605,0.0301003344481605,7.68185404143143e-50,0.0177548232573942,4.48055319037042e-05,0.000954801764274104
0.0334448160535117,0.0334448160535117,4.24224854437208e-46,0.0181443938474023,8.03658843686548e-05,0.00128949135001568
0.0367892976588629,0.0367892976588629,1.54333137376047e-42,0.018542691924339,0.000133436664813098,0.00176377985756965
0.040133779264214,0.040133779264214,3.72783592535443e-39,0.0189499186843316,0.000208651634207649,0.00240426807080106
0.0434782608695652,0.0434782608695652,6.02519093182455e-36,0.0193662799755911,0.000310744343848165,0.0032388758817608
0.0468227424749164,0.0468227424749164,6.56696155409163e-33,0.0197919866416326,0.000444164066166296,0.00429455902708616
0.0501672240802676,0.0501672240802676,4.8638884594013e-30,0.0202272555141244,0.000612606662374543,0.00559438809691257
0.0535117056856187,0.0535117056856187,2.46693902343875e-27,0.020672306847595,0.000818496652577788,0.00715421255610411
0.0568561872909699,0.0568561872909699,8.63387491255863e-25,0.021127365750187,0.00106247527460284,0.00897925280439109
0.0602006688963211,0.0602006688963211,2.10102918468737e-22,0.0215926648391558,0.00134296358873949,0.0110610611720721
0.0635451505016722,0.0635451505016722,3.58209633061886e-20,0.0220684414539491,0.00165587543656332,0.0133753425779649
0.0668896321070234,0.0668896321070234,4.31140943299161e-18,0.0225549386597405,0.00199454866142143,0.0158811045331547
0.0702341137123746,0.0702341137123746,3.69130740771347e-16,0.0230524081034477,0.00234994258488498,0.0185215007223415
0.0735785953177257,0.0735785953177257,2.26534242348868e-14,0.0235611024012699,0.00271111620481972,0.0212265440184346
0.0769230769230769,0.0769230769230769,1.00418831403239e-12,0.0240812756711062,0.00306595909505976,0.0239176131156039
0.0802675585284281,0.0802675585284281,3.24035523457024e-11,0.0246132032947609,0.00340210269515035,0.0265133988775748
0.0836120401337793,0.0836120401337793,7.67157434197655e-10,0.0251571601831706,0.00370790257078096,0.0289366806530687
0.0869565217391304,0.0869565217391304,1.34332376815116e-08,0.0257134246936737,0.00397336122772139,0.0311211403159029
0.0903010033444816,0.0903010033444816,1.75417540059916e-07,0.0262822842693673,0.0041908627963304,0.0330173548678575
0.0936454849498328,0.0936454849498328,1.7230491172272e-06,0.0268640333620419,0.0043556177046753,0.0345971798344327
0.096989966555184,0.096989966555184,1.28468310524824e-05,0.027458973613327,0.00446576427441463,0.0358559415945656
0.100334448160535,0.100334448160535,7.3417951844483e-05,0.028067414040864,0.00452213680452703,0.0368121655878149
0.103678929765886,0.103678929765886,0.000325065002025687,0.0286896712296948,0.00452777447934017,0.0375049248242488
0.107023411371237,0.107023411371237,0.00112864219032139,0.0293260855729385,0.00448729997843329,0.0379892334301068
0.110367892976589,0.110367892976589,0.00311658664022505,0.0299769412546103,0.00440633107228857,0.0383301698211646
0.11371237458194,0.11371237458194,0.00696101979265976,0.030642626896695,0.00429109794988844,0.0385965469032557
0.117056856187291,0.117056856187291,0.0128386760625351,0.0313234753340698,0.00414842507623509,0.0388549329865036
0.120401337792642,0.120401337792642,0.0200573224386823,0.0320198440540318,0.00398620625012091,0.0391646786695932
0.123745819397993,0.123745819397993,0.0273650306639335,0.0327320993786711,0.00381446563101955,0.03957436156629
0.127090301003344,0.127090301003344,0.03374377896184,0.0334606166976031,0.00364706558559038,0.0401197801374533
0.130434782608696,0.130434782608696,0.0389203561570248,0.0342057807073625,0.00350409927985215,0.0408233715800238
0.133779264214047,0.133779264214047,0.0432270564077712,0.034967985657676,0.00341498914223435,0.0416947472890782
0.137123745819398,0.137123745819398,0.04715888119459,0.0357476356048368,0.00342228987475101,0.0427319609685015
0.140468227424749,0.140468227424749,0.0510802203201367,0.036545133537339,0.00358614781204631,0.0439231493101333
0.1438127090301,0.1438127090301,0.0551795911161636,0.037360937319534,0.00398927633110021,0.0452482878033482
0.147157190635451,0.147157190635451,0.0595365704924899,0.0381954486169853,0.00474215449672396,0.0466809421190965
0.150501672240803,0.150501672240803,0.0641854125552686,0.0390491245313865,0.00598794244148545,0.0481900217704643
0.153846153846154,0.153846153846154,0.069146639192612,0.0399224222176903,0.00790635386484616,0.0497416193556714
0.157190635451505,0.157190635451505,0.074437877374153,0.0408158103202838,0.0107154822491307,0.0513010262731484
0.160535117056856,0.160535117056856,0.0800766466626311,0.0417297692829679,0.0146704168551539,0.052834957590131
0.163879598662207,0.163879598662207,0.0860809130240588,0.0426647916681097,0.0200574958900359,0.054313917852891
0.167224080267559,0.167224080267559,0.0924672953296222,0.0436213824852725,0.0271833109061404,0.0557145309268702
0.17056856187291,0.17056856187291,0.0992604257913995,0.0446000595296455,0.0363581496178033,0.0570215763578791
0.173913043478261,0.173913043478261,0.106474207701824,0.0456013537306039,0.0478744334326954,0.0582294491149869
0.177257525083612,0.177257525083612,0.114130520913705,0.0466258095107432,0.0619817762235641,0.0593428000875415
0.180602006688963,0.180602006688963,0.122249834828502,0.0476739851557431,0.0788613768378621,0.0603762150818229
0.183946488294314,0.183946488294314,0.130853053565453,0.0487464531954268,0.0986033030691694,0.0613529295086502
0.187290969899666,0.187290969899666,0.139961484948962,0.0498438007963949,0.12119055032996,0.062302725387389
0.190635451505017,0.190635451505017,0.149596805807251,0.0509666301666289,0.146493335497835,0.0632592867137347
0.193979933110368,0.193979933110368,0.159781023481244,0.0521155589724732,0.174275818965828,0.0642573742759706
0.197324414715719,0.197324414715719,0.170536433444372,0.0532912207684276,0.204215438475171,0.0653302072280255
0.20066889632107,0.20066889632107,0.181885572952159,0.0544942654401936,0.235932613955416,0.0665074031563854
0.204013377926421,0.204013377926421,0.193851170671415,0.0557253596614445,0.269026258341852,0.0678137383393898
0.207357859531773,0.207357859531773,0.206456092229698,0.0569851873648017,0.303108904537216,0.0692688599745408
0.210702341137124,0.210702341137124,0.21972328163848,0.0582744502275209,0.337834863129255,0.0708879303072916
0.214046822742475,0.214046822742475,0.233675698618888,0.0595938681724128,0.37291595307549,0.072683026744113
0.217391304347826,0.217391304347826,0.248336251830772,0.0609441798845396,0.408121928445049,0.0746649781595226
0.220735785953177,0.220735785953177,0.263727727982496,0.0623261433442523,0.443266283807865,0.0768452000604222
0.224080267558528,0.224080267558528,0.279872716935022,0.06374053637716,0.478181853818624,0.079237014831352
0.22742474916388,0.22742474916388,0.296793532905456,0.0651881572216417,0.512693577402929,0.081855925471756
0.230769230769231,0.230769230769231,0.314512131785839,0.066669825114543,0.546597126896482,0.0847183725195962
0.234113712374582,0.234113712374582,0.333050024737781,0.068186380895725,0.579651312894447,0.0878386635910905
0.237458193979933,0.237458193979933,0.352428188297577,0.0697386876321619,0.611589290513373,0.0912240324489101
0.240802675585284,0.240802675585284,0.372666971111338,0.0713276312623141,0.642149182780211,0.0948681471502015
0.244147157190635,0.244147157190635,0.393785997458477,0.0729539342254208,0.671119791473344,0.0987438001853228
0.247491638795987,0.247491638795987,0.415804067835824,0.07461909132929,0.698392744185937,0.102795899318479
0.250836120401338,0.250836120401338,0.438739056825006,0.0763235000990465,0.724009760435868,0.106936134779589
0.254180602006689,0.254180602006689,0.462607809633014,0.0780683318716358,0.74819335847743,0.111040726594833
0.25752508361204,0.25752508361204,0.487426032586477,0.0798545973730437,0.771351395787042,0.114952389451611
0.260869565217391,0.260869565217391,0.513208195794783,0.0816833345375329,0.794049955952586,0.118487090921074
0.264214046822742,0.264214046822742,0.539967403879544,0.0835556093170875,0.816954505189226,0.121445402865724
0.267558528428094,0.267558528428094,0.567715305777407,0.0854725165182046,0.840745015670994,0.123627409599764
0.270903010033445,0.270903010033445,0.596461974301618,0.0874351806671027,0.866015986211623,0.124849432795777
0.274247491638796,0.274247491638796,0.626215795159728,0.0894447569044668,0.893176224750952,0.124960440474953
0.277591973244147,0.277591973244147,0.656983369749005,0.0915024319109027,0.922365313356516,0.123856033096113
0.280936454849498,0.280936454849498,0.688769380966993,0.093609424864325,0.953403437322373,0.121488341443148
0.284280936454849,0.284280936454849,0.721576511327507,0.0957669884305623,0.985788454197453,0.117870910773427
0.287625418060201,0.287625418060201,0.755405325419683,0.0979764097885227,1.01874862961502,0.113078482613215
0.290969899665552,0.290969899665552,0.790254168930152,0.100239011691326,1.05135161898601,0.107242298490581
0.294314381270903,0.294314381270903,0.826119071430772,0.102556153564878,1.08266075353082,0.100541969940719
0.297658862876254,0.297658862876254,0.862993649739215,0.104929232645426,1.1119198049235,0.0931950267482487
0.301003344481605,0.301003344481605,0.900869017441839,0.107359685157728,1.13873898335546,0.0854450399982722
0.304347826086957,0.304347826086957,0.939733699224854,0.109848987535514,1.16325002269348,0.0775488894247151
0.307692307692308,0.307692307692308,0.979573550873999,0.112398657686044,1.1861986009286,0.0697635125711479
0.311036789297659,0.311036789297659,1.02037168552669,0.115010292856818,1.20894895067969,0.0623324949905439
0.31438127090301,0.31438127090301,1.06210840675299,0.117685388212984,1.23338791834665,0.0554731756700954
0.317725752508361,0.317725752508361,1.1047611490735,0.120425703807808,1.261732032082,0.0493654403588538
0.321070234113712,0.321070234113712,1.14830442650696,0.123232900481196,1.29625823982079,0.044143823728499
0.324414715719064,0.324414715719064,1.19270978982196,0.12610872415574,1.33899328604825,0.0398946583502528
0.327759197324415,0.327759197324415,1.23794579263178,0.129054970852373,1.39140506191021,0.0366595719970265
0.331103678929766,0.331103678929766,1.28397796741104,0.1320734883216,1.45413986930408,0.0344455808673861
0.334448160535117,0.334448160535117,1.33076881134051,0.135166177736747,1.526842423146,0.033240506994309
0.337792642140468,0.337792642140468,1.3782777827526,0.138334995452015,1.608082442454,0.0330308213070433
0.341137123745819,0.341137123745819,1.42646130864482,0.141581954828241,1.69539595484054,0.0338177610773579
0.344481605351171,0.344481605351171,1.47527280333551,0.14490914086093,1.78543435129098,0.0356271608238681
0.347826086956522,0.347826086956522,1.52466269885627,0.148318648493173,1.87420247078554,0.0385091741145863
0.351170568561873,0.351170568561873,1.57457848718237,0.151812711978508,1.95735988766686,0.0425259706536004
0.354515050167224,0.354515050167224,1.62496477459483,0.155393579694438,2.03055692799,0.0477282568153558
0.357859531772575,0.357859531772575,1.67576334834299,0.159063580013244,2.08977746114142,0.0541244908168526
0.361204013377926,0.361204013377926,1.72691325571756,0.162894315256235,2.13166256174733,0.0616491979507408
0.364548494983278,0.364548494983278,1.77835089557947,0.166680642170707,2.15379151187913,0.0701381294487283
0.367892976588629,0.367892976588629,1.83001012232999,0.170632718260689,2.15489902921977,0.0793176790293854
0.37123745819398,0.37123745819398,1.88182236224927,0.17468396054773,2.13501069062372,0.0888138808200764
0.374581939799331,0.374581939799331,1.93371674206763,0.178837071173416,2.09548334626814,0.098182793725999
0.377926421404682,0.377926421404682,1.98562022956769,0.183094830956146,2.03894469511564,0.106959824609253
0.381270903010033,0.381270903010033,2.0374577859462,0.187460112101361,1.96913601947747,0.114721451583236
0.384615384615385,0.384615384615385,2.08915252959611,0.191935871507021,1.89067307291746,0.121149764451743
0.387959866220736,0.387959866220736,2.14062591090195,0.19652515884757,1.8087500423683,0.126088909724231
0.391304347826087,0.391304347826087,2.19179789757518,0.201231119481459,1.72881783858769,0.12958321659159
0.394648829431438,0.394648829431438,2.24258716999159,0.206056995731372,1.65626878208674,0.131889374965598
0.397993311036789,0.397993311036789,2.29291132592853,0.211006134027811,1.59615447889398,0.1334590544472
0.40133779264214,0.40133779264214,2.34268709403774,0.216081984734202,1.55295347523563,0.134893064275016
0.404682274247492,0.404682274247492,2.39183055532965,0.221306593584855,1.53039281274544,0.136872740889136
0.408026755852843,0.408026755852843,2.44025737188754,0.226628186335602,1.5313163425791,0.14007795607755
0.411371237458194,0.411371237458194,2.4878830219762,0.232106003905733,1.55758583667376,0.145103383786398
0.414715719063545,0.414715719063545,2.53462304065964,0.237725486007113,1.61000056216438,0.152385104633601
0.418060200668896,0.418060200668896,2.58039326499604,0.243490673589996,1.68822716022132,0.162148181746652
0.421404682274247,0.421404682274247,2.62511008283662,0.249405740026828,1.79074246849115,0.174382687499231
0.424749163879599,0.424749163879599,2.66869068421835,0.255475001323013,1.91480388022049,0.188851224673923
0.42809364548495,0.42809364548495,2.71105331430849,0.26170292206244,2.05647088884961,0.205125920732764
0.431438127090301,0.431438127090301,2.75211752683301,0.268094105270759,2.21070414017804,0.222648010685927
0.434782608695652,0.434782608695652,2.7918044369001,0.274653313595203,2.37156272316915,0.240799372287463
0.438127090301003,0.438127090301003,2.83003697211559,0.28138547070986,2.53250690878117,0.258973568291845
0.441471571906354,0.441471571906354,2.86674012087854,0.288295667158464,2.68679466084492,0.276634634169868
0.444816053511706,0.444816053511706,2.90184117674293,0.295389168597629,2.82794020354691,0.293355093092584
0.448160535117057,0.448160535117057,2.9352699777359,0.30267142266445,2.95018654401782,0.30882993846213
0.451505016722408,0.451505016722408,2.96695913953305,0.310148066608181,3.048935299232,0.322869456299615
0.454849498327759,0.454849498327759,2.996844281409,0.317824935306717,3.12107894698209,0.335379227295122
0.45819397993311,0.45819397993311,3.02486424390452,0.325708069699777,3.16519284552829,0.34633888649899
0.461538461538462,0.461538461538462,3.05096129718164,0.333803725671566,3.18156477635222,0.355791093306561
0.464882943143813,0.464882943143813,3.07508133907414,0.342118383415292,3.172064231769,0.363848382574406
0.468227424749164,0.468227424749164,3.09717408188325,0.350658757311452,3.13987720465168,0.370718894606963
0.471571906354515,0.471571906354515,3.11719322701625,0.3594318063522,3.08915017457494,0.376744156362155
0.474916387959866,0.474916387959866,3.1350966266194,0.368444745145871,3.02459604866748,0.382435413608837
0.478260869565217,0.478260869565217,3.15084643141558,0.3777050555387,2.95111381506896,0.388491720464705
0.481605351170569,0.481605351170569,3.16440922402108,0.387220498894807,2.8734636523094,0.395784525876845
0.48494983277592,0.48494983277592,3.17575613708412,0.396999129079997,2.79602311410027,0.405299990598384
0.488294314381271,0.488294314381271,3.18486295566077,0.4070492779283,2.72263173159664,0.418040372785308
0.491638795986622,0.491638795986622,3.19171020332,0.417379711147009,2.65651495566371,0.434896982067973
0.494983277591973,0.494983277591973,3.19628321154935,0.427999361018582,2.60026694226131,0.456516347541587
0.498327759197324,0.498327759197324,3.19857217211508,0.438917625467131,2.55586690654235,0.483185675186978
0.501672240802676,0.501672240802676,3.19857217211508,0.450144244056715,2.52470557160534,0.514761888036956
0.505016722408027,0.505016722408027,3.19628321154935,0.461689344667699,2.50760507696891,0.550660746622592
0.508361204013378,0.508361204013378,3.19171020332,0.473563463227908,2.50482513854994,0.589910616316316
0.511705685618729,0.511705685618729,3.18486295566077,0.485777564357587,2.51605761651917,0.631262406556575
0.51505016722408,0.51505016722408,3.17575613708412,0.498343063699346,2.54041876358935,0.673336335984549
0.518394648829431,0.518394648829431,3.16440922402108,0.511271851511089,2.57645201605865,0.714780056102392
0.521739130434783,0.521739130434783,3.15084643141558,0.524576316680623,2.62215402569154,0.754412450999424
0.525083612040134,0.525083612040134,3.1350966266194,0.538269378871431,2.67503338403307,0.79133260608493
0.528428093645485,0.528428093645485,3.11719322701625,0.552365128863746,2.73220637951362,0.824982100909186
0.531772575250836,0.531772575250836,3.09717408188325,0.566875767244973,2.79052849311045,0.85515834122012
0.535117056856187,0.535117056856187,3.07508133907414,0.581817831776358,2.84675528735526,0.881984691364289
0.538461538461538,0.538461538461538,3.05096129718164,0.597206035411286,2.89772254307039,0.905848182026034
0.54180602006689,0.54180602006689,3.02486424390452,0.613056404217335,2.94053314868048,0.927317260528776
0.545150501672241,0.545150501672241,2.996844281409,0.629385697990879,2.97273720015004,0.9470512243318
0.548494983277592,0.548494983277592,2.96695913953305,0.646211453628009,2.99249172004596,0.965711012491953
0.551839464882943,0.551839464882943,2.9352699777359,0.663552033109012,2.99868707396275,0.983879213452722
0.555183946488294,0.555183946488294,2.90184117674293,0.68142667404875,2.99102842109724,1.00199613222035
0.558528428093645,0.558528428093645,2.86674012087854,0.699855544616316,2.97006243087143,1.02031834657973
0.561872909698997,0.561872909698997,2.83003697211559,0.718859803219874,2.93714220587561,1.0389055083471
0.565217391304348,0.565217391304348,2.7918044369001,0.738461662911946,2.89432707912794,1.05763918094714
0.568561872909699,0.568561872909699,2.75211752683301,0.75868446125812,2.84421882067629,1.07627363280349
0.57190635451505,0.57190635451505,2.71105331430849,0.779552736210381,2.7897417242945,1.09451294878522
0.575250836120401,0.575250836120401,2.66869068421835,0.801092308800213,2.73388071185733,1.11210271858982
0.578595317725752,0.578595317725752,2.62511008283663,0.823330372732457,2.67939834898349,1.128919661148
0.581939799331104,0.581939799331104,2.58039326499604,0.846295592971192,2.62855757808189,1.1450406215374
0.585284280936455,0.585284280936455,2.53462304065965,0.870018213045439,2.58288090061022,1.16077458001658
0.588628762541806,0.588628762541806,2.4878830219762,0.894530172465033,2.54297748447614,1.17664769334016
0.591973244147157,0.591973244147157,2.44025737188754,0.919865236068375,2.50846622750821,1.19334078053125
0.595317725752508,0.595317725752508,2.39183055532965,0.946059136055516,2.4780146425812,1.21158896099804
0.598662207357859,0.598662207357859,2.34268709403774,0.973149728695669,2.4495007685045,1.23206188214194
0.602006688963211,0.602006688963211,2.29291132592853,1.0011771676243,2.42028931530031,1.25524799455794
0.605351170568562,0.605351170568562,2.24258716999159,1.0301840955957,2.38759602073539,1.28136641420702
0.608695652173913,0.608695652173913,2.19179789757518,1.06021585767743,2.3488985158875,1.31032503416635
0.612040133779264,0.612040133779264,2.14062591090195,1.09132073902421,2.30234087003421,1.34173486032701
0.615384615384615,0.615384615384615,2.08915252959611,1.12355023052254,2.24707498269421,1.37498000134393
0.618729096989967,0.618729096989967,2.0374577859462,1.15695932662529,2.18348662155311,1.4093325739945
0.622073578595318,0.622073578595318,1.98562022956769,1.1916068606966,2.11326714718955,1.44409395116931
0.625418060200669,0.625418060200669,1.93371674206763,1.22755588409449,2.03931212708822,1.47873956115326
0.62876254180602,0.62876254180602,1.88182236224927,1.2648740966272,1.96545201671598,1.51304425759965
0.632107023411371,0.632107023411371,1.83001012232999,1.30363433732853,1.89604396244665,1.54716871704652
0.635451505016722,0.635451505016722,1.77835089557947,1.34391514741845,1.83547364875188,1.58169339698945
0.638795986622074,0.638795986622074,1.72691325571756,1.3858014194999,1.78762885323974,1.61759404815438
0.642140468227425,0.642140468227425,1.67576334834299,1.42938515096194,1.75541023711046,1.65616040633427
0.645484949832776,0.645484949832776,1.62496477459483,1.47476632397812,1.740339721305,1.69886653710437
0.648829431438127,0.648829431438127,1.57457848718237,1.52205393995439,1.74231385423672,1.74720676498028
0.652173913043478,0.652173913043478,1.52466269885627,1.57136724400224,1.75953115567735,1.80251489951331
0.655518394648829,0.655518394648829,1.47527280333551,1.62283718291142,1.78860129333038,1.86578649551296
0.658862876254181,0.658862876254181,1.42646130864482,1.67660815056063,1.82482287489469,1.93752415523089
0.662207357859532,0.662207357859532,1.3782777827526,1.73284008581622,1.86259803032651,2.01762439378538
0.665551839464883,0.665551839464883,1.33076881134051,1.79171099964638,1.89593770414695,2.10532132915174
0.668896321070234,0.668896321070234,1.28397796741104,1.85342001879621,1.91900298036771,2.19919746931087
0.672240802675585,0.672240802675585,1.23794579263178,1.91819104048309,1.92662552185381,2.29726537850374
0.675585284280936,0.675585284280936,1.19270978982196,1.98627709239852,1.91475437827073,2.39711653003597
0.678929765886288,0.678929765886288,1.14830442650695,2.0579654794332,1.88078636780616,2.49612603572072
0.682274247491639,0.682274247491639,1.1047611490735,2.13358376574117,1.82375163625469,2.59169525711873
0.68561872909699,0.68561872909699,1.06210840675299,2.2135065789921,1.74434292044316,2.68150965068892
0.688963210702341,0.688963210702341,1.02037168552669,2.29816312250325,1.64479423378784,2.76378741870897
0.692307692307692,0.692307692307692,0.979573550873998,2.38804512954326,1.52862993546334,2.83749594481747
0.695652173913043,0.695652173913043,0.939733699224854,2.48371478288015,1.40031667671832,2.90251722084774
0.698996655518395,0.698996655518395,0.900869017441839,2.5858118458179,1.2648575338434,2.95974950645927
0.702341137123746,0.702341137123746,0.862993649739215,2.69505890988501,1.12736960152105,3.01113888448993
0.705685618729097,0.705685618729097,0.826119071430772,2.81226327144545,0.992684039000843,3.05963975382335
0.709030100334448,0.709030100334448,0.790254168930153,2.93831353240009,0.865002075096997,3.10910664434791
0.712374581939799,0.712374581939799,0.755405325419684,3.07416862502125,0.747632895940813,3.1641208370044
0.71571906354515,0.71571906354515,0.721576511327507,3.22083665428054,0.64283055963082,3.22975483093363
0.719063545150502,0.719063545150502,0.688769380966993,3.37934081826714,0.551737692428338,3.31127717359656
0.722408026755853,0.722408026755853,0.656983369749005,3.55066980746587,0.474434098498544,3.41380132187603
0.725752508361204,0.725752508361204,0.626215795159729,3.73571059874163,0.410078944331773,3.54188649464077
0.729096989966555,0.729096989966555,0.596461974301618,3.93516253885741,0.357126464810428,3.69910646246762
0.732441471571906,0.732441471571906,0.567715305777407,4.14943311083319,0.313588083036477,3.88761312869957
0.735785953177257,0.735785953177257,0.539967403879545,4.37851779383495,0.277309519840752,4.10773343840078
0.739130434782609,0.739130434782609,0.513208195794784,4.62186919078382,0.246230853630385,4.35764744548616
0.74247491638796,0.74247491638796,0.487426032586478,4.87826087972344,0.218601063054846,4.63319883996545
0.745819397993311,0.745819397993311,0.462607809633014,5.14566272694431,0.19312607475069,4.92788413252048
0.749163879598662,0.749163879598662,0.438739056825006,5.42112965420583,0.169039645609011,5.23305184329891
0.752508361204013,0.752508361204013,0.415804067835824,5.70072884036423,0.146097779699938,5.53831945500528
0.755852842809364,0.755852842809364,0.393785997458477,5.97951362968927,0.124507797651234,5.83218682737761
0.759197324414716,0.759197324414716,0.372666971111338,6.25155982671879,0.104810846715498,6.10279521697886
0.762541806020067,0.762541806020067,0.352428188297577,6.51007467644842,0.0877404195465139,6.33875668005037
0.765886287625418,0.765886287625418,0.333050024737782,6.74758437531291,0.0740790891097097,6.52996452484993
0.769230769230769,0.769230769230769,0.314512131785839,6.95619958972347,0.0645318035288302,6.66829485291847
0.77257525083612,0.77257525083612,0.296793532905456,7.12795087617629,0.0596280043437444,6.74812265450889
0.775919732441472,0.775919732441472,0.279872716935022,7.25517867410836,0.0596580877686833,6.76660112598489
0.779264214046823,0.779264214046823,0.263727727982496,7.33095277124672,0.0646437370573966,6.7236852491578
0.782608695652174,0.782608695652174,0.248336251830772,7.34949496895078,0.0743373824867307,6.62191434669104
0.785953177257525,0.785953177257525,0.233675698618888,7.30656921499517,0.0882438666610823,6.46599751054643
0.789297658862876,0.789297658862876,0.21972328163848,7.1998077847284,0.105657118250151,6.26226601239437
0.792642140468227,0.792642140468227,0.206456092229698,7.02894274421724,0.125705689389242,6.01806570940304
0.795986622073579,0.795986622073579,0.193851170671415,6.79591903061833,0.147402663151638,5.74116010191881
0.79933110367893,0.79933110367893,0.181885572952159,6.50487470685324,0.169697036148126,5.43920316042253
0.802675585284281,0.802675585284281,0.170536433444372,6.16198521116461,0.19152480509112,5.1193236570046
0.806020066889632,0.806020066889632,0.159781023481244,5.77518040508279,0.211858494963694,4.78784317848169
0.809364548494983,0.809364548494983,0.149596805807251,5.3537546528547,0.22975386238809,4.45013144002364
0.812709030100334,0.812709030100334,0.139961484948962,4.90789933504264,0.244392235397283,4.11058713513115
0.816053511705686,0.816053511705686,0.130853053565453,4.44819398260734,0.2551166807478,3.77272139675212
0.819397993311037,0.819397993311037,0.122249834828502,3.98509447922668,0.26146012534341,3.43931412002653
0.822742474916388,0.822742474916388,0.114130520913705,3.52845571155948,0.263163787130052,3.11261046868945
0.826086956521739,0.826086956521739,0.106474207701824,3.08712117408001,0.260184767399408,2.79452524200217
0.82943143812709,0.82943143812709,0.0992604257913995,2.66860418496906,0.252692320526337,2.48682588797367
0.832775919732441,0.832775919732441,0.0924672953296222,2.27887575939941,0.241053027386962,2.1912704296926
0.836120401337793,0.836120401337793,0.0860809130240587,1.92226390106835,0.225805758846953,1.90968408635969
0.839464882943144,0.839464882943144,0.0800766466626313,1.60145930226618,0.207627878597845,1.6439674386891
0.842809364548495,0.842809364548495,0.074437877374153,1.31761420749987,0.187294599428236,1.39603883099339
0.846153846153846,0.846153846153846,0.069146639192612,1.07051522218394,0.165633796299529,1.16772320609434
0.849498327759197,0.849498327759197,0.0641854125552685,0.858807448839338,0.14347890891233,0.960607409282766
0.852842809364548,0.852842809364548,0.05953657049249,0.680246555626929,0.121622820645763,0.775886895727877
0.8561872909699,0.8561872909699,0.0551795911161636,0.531956897631155,0.100775726993518,0.614229816853012
0.859531772575251,0.859531772575251,0.0510802203201367,0.410677098623174,0.0815299271643836,0.475681364739438
0.862876254180602,0.862876254180602,0.0471588811945899,0.312978326641978,0.0643341126219172,0.359624508236207
0.866220735785953,0.866220735785953,0.0432270564077713,0.235450059453913,0.0494790472249727,0.264804063369719
0.869565217391304,0.869565217391304,0.0389203561570249,0.174836469790211,0.0370955585793483,0.189411083459929
0.872909698996655,0.872909698996655,0.03374377896184,0.128143540238444,0.0271645841817584,0.131215625768081
0.876254180602007,0.876254180602007,0.0273650306639334,0.0926992643105215,0.0195377943639824,0.0877295732738554
0.879598662207358,0.879598662207358,0.0200573224386825,0.0661843732300939,0.0139662330170116,0.0563782981051661
0.882943143812709,0.882943143812709,0.0128386760625353,0.0466358766217384,0.0101336528268584,0.0346607362698786
0.88628762541806,0.88628762541806,0.00696101979265976,0.0324307745475099,0.00769090051649471,0.0202813666499106
0.889632107023411,0.889632107023411,0.00311658664022505,0.0222564013635988,0.00628787663893074,0.0112435774748901
0.892976588628763,0.892976588628763,0.00112864219032142,0.0150730748437061,0.00560021184822069,0.00590063649152274
0.896321070234114,0.896321070234114,0.0003250650020257,0.0100736695471409,0.00534874663442821,0.00296668869660333
0.899665551839465,0.899665551839465,7.3417951844483e-05,0.00664359859495614,0.00531100275484598,0.00149492622513734
0.903010033444816,0.903010033444816,1.28468310524824e-05,0.0043235337530664,0.00532490710021147,0.000832796342022504
0.906354515050167,0.906354515050167,1.7230491172273e-06,0.00277642988052507,0.00528591145211332,0.000564791454420966
0.909698996655518,0.909698996655518,1.75417540059927e-07,0.00175929355659693,0.00513923585481994,0.000452338117305136
0.91304347826087,0.91304347826087,1.34332376815116e-08,0.00109998530457216,0.00486920697872667,0.000378140930463327
0.916387959866221,0.916387959866221,7.67157434197655e-10,0.000678618429731925,0.00448758856449186,0.000299679012166047
0.919732441471572,0.919732441471572,3.24035523457051e-11,0.000413093416038374,0.00402248150948281,0.000213960091915941
0.923076923076923,0.923076923076923,1.00418831403244e-12,0.000248112595836899,0.00350890657714463,0.000133509224602886
0.926421404682274,0.926421404682274,2.26534242348868e-14,0.000147035327934049,0.00298167677635439,7.2109528489215e-05
0.929765886287625,0.929765886287625,3.69130740771347e-16,8.59729212977454e-05,0.00247070650924789,3.80473776912584e-05
0.933110367892977,0.933110367892977,4.31140943299263e-18,4.95979650173054e-05,0.0019985492747058,3.24413474406103e-05
0.936454849498328,0.936454849498328,3.5820963306193e-20,2.82308257685052e-05,0.00157973122768134,5.04809966006368e-05
0.939799331103679,0.939799331103679,2.10102918468737e-22,1.58539136182775e-05,0.00122135151522553,8.38818170230152e-05
0.94314381270903,0.94314381270903,8.63387491255863e-25,8.78412394527985e-06,0.000924428735538656,0.000123414759028945
0.946488294314381,0.946488294314381,2.46693902343875e-27,4.80181687353714e-06,0.000685552274707811,0.000160876824632407
0.949832775919732,0.949832775919732,4.86388845940054e-30,2.5897284308656e-06,0.000498512548246714,0.000190267848431651
0.953177257525084,0.953177257525084,6.56696155409051e-33,1.37797351188295e-06,0.000355705596624134,0.000208205842801455
0.956521739130435,0.956521739130435,6.02519093182455e-36,7.23372897398671e-07,0.000249214302319086,0.000213758177250486
0.959866220735786,0.959866220735786,3.72783592535443e-39,3.74640904272292e-07,0.000171549594103904,0.000207914694418528
0.963210702341137,0.963210702341137,1.54333137376003e-42,1.91424176695725e-07,0.000116087508005814,0.000192913711695664
0.966555183946488,0.966555183946488,4.24224854437292e-46,9.64948657978314e-08,7.72647796890933e-05,0.00017158258193358
0.969899665551839,0.969899665551839,7.68185404143143e-50,4.79882351509007e-08,5.06027502707383e-05,0.000146794412750933
0.973244147157191,0.973244147157191,9.09174419920857e-54,2.35443098696001e-08,3.26236320611404e-05,0.000121087093617705
0.976588628762542,0.976588628762542,6.97745470491519e-58,1.13960763838314e-08,2.07107737258603e-05,9.64480920582513e-05
0.979933110367893,0.979933110367893,3.44470383896278e-62,5.44177572885547e-09,1.29501761818079e-05,7.42410541572423e-05
0.983277591973244,0.983277591973244,1.08524281938845e-66,2.56353728729875e-09,7.97715582650921e-06,5.52368731772559e-05
0.986622073578595,0.986622073578595,2.16429200853392e-71,1.19137988398838e-09,4.8412671895169e-06,3.97094164442027e-05
0.989966555183946,0.989966555183946,2.71013519415462e-76,5.46223677101959e-10,2.89482630378864e-06,2.75607667501281e-05
0.993311036789298,0.993311036789298,2.11350341609396e-81,2.47057769013716e-10,1.70538420271225e-06,1.84491673665119e-05
0.996655518394649,0.996655518394649,1.01807788870144e-86,1.10238280611692e-10,9.89724488707279e-07,1.19021415235509e-05
1,1,3.00422627401616e-92,4.85255577591994e-11,5.65757524003291e-07,7.40567606133074e-06
