"x1.1","x1.2","x1.3","x2.1","x2.2","x2.3"
2.93954312071844,4.60238264700871,0.65,0,0,0
2.93294418978963,4.59162147666792,0.649999230768776,0.001,0.001,0.001
2.92634690265646,4.58086109366958,0.64999692306964,0.002,0.002,0.002
2.9197512676189,4.57010150279109,0.649993076886208,0.003,0.003,0.003
2.91315729303078,4.55934270884824,0.649987692191168,0.004,0.004,0.004
2.90656498730022,4.54858471669558,0.649980768946282,0.005,0.005,0.005
2.89997435889007,4.53782753122679,0.649972307102387,0.006,0.006,0.006
2.8933854163183,4.52707115737508,0.64996230659939,0.007,0.007,0.007
2.88679816815847,4.51631560011361,0.649950767366268,0.008,0.008,0.008
2.88021262304013,4.50556086445586,0.649937689321061,0.009,0.009,0.009
2.87362878964931,4.49480695545603,0.649923072370877,0.01,0.01,0.01
2.8670466767289,4.48405387820951,0.649906916411881,0.011,0.011,0.011
2.86046629307911,4.47330163785321,0.649889221329297,0.012,0.012,0.012
2.85388764755798,4.46255023956604,0.649869986997399,0.013,0.013,0.013
2.84731074908175,4.45179968856933,0.649849213279512,0.014,0.014,0.014
2.84073560662538,4.44104999012724,0.649826900028,0.015,0.015,0.015
2.83416222922296,4.4303011495472,0.649803047084269,0.016,0.016,0.016
2.82759062596825,4.41955317218036,0.649777654278754,0.017,0.017,0.017
2.82102080601506,4.40880606342204,0.649750721430919,0.018,0.018,0.018
2.81445277857781,4.39805982871217,0.649722248349247,0.019,0.019,0.019
2.80788655293195,4.38731447353576,0.649692234831232,0.02,0.02,0.02
2.80132213841448,4.37657000342334,0.649660680663375,0.021,0.021,0.021
2.79475954442439,4.36582642395146,0.649627585621177,0.022,0.022,0.022
2.78819878042322,4.35508374074314,0.649592949469127,0.023,0.023,0.023
2.78163985593552,4.34434195946837,0.649556771960696,0.024,0.024,0.024
2.77508278054932,4.33360108584456,0.649519052838329,0.025,0.025,0.025
2.76852756391671,4.32286112563709,0.649479791833433,0.026,0.026,0.026
2.76197421575428,4.31212208465975,0.649438988666372,0.027,0.027,0.027
2.75542274584367,4.30138396877529,0.649396643046451,0.028,0.028,0.028
2.74887316403209,4.29064678389589,0.649352754671912,0.029,0.029,0.029
2.74232548023285,4.27991053598372,0.649307323229917,0.03,0.03,0.03
2.73577970442584,4.26917523105141,0.649260348396543,0.031,0.031,0.031
2.72923584665813,4.25844087516265,0.649211829836765,0.032,0.032,0.032
2.72269391704448,4.24770747443265,0.649161767204447,0.033,0.033,0.033
2.71615392576788,4.23697503502875,0.649110160142329,0.034,0.034,0.034
2.70961588308008,4.22624356317092,0.649057008282015,0.035,0.035,0.035
2.7030797993022,4.21551306513234,0.649002311243959,0.036,0.036,0.036
2.69654568482523,4.20478354723998,0.648946068637449,0.037,0.037,0.037
2.69001355011062,4.19405501587513,0.648888280060597,0.038,0.038,0.038
2.68348340569087,4.183327477474,0.648828945100325,0.039,0.039,0.039
2.67695526217005,4.17260093852833,0.648768063332344,0.04,0.04,0.04
2.67042913022442,4.16187540558594,0.648705634321146,0.041,0.041,0.041
2.66390502060302,4.15115088525134,0.648641657619984,0.042,0.042,0.042
2.65738294412822,4.14042738418638,0.648576132770857,0.043,0.043,0.043
2.65086291169636,4.1297049091108,0.648509059304494,0.044,0.044,0.044
2.64434493427831,4.1189834668029,0.648440436740338,0.045,0.045,0.045
2.63782902292013,4.10826306410017,0.648370264586525,0.046,0.046,0.046
2.63131518874361,4.09754370789991,0.64829854233987,0.047,0.047,0.047
2.62480344294694,4.08682540515988,0.648225269485848,0.048,0.048,0.048
2.61829379680534,4.07610816289896,0.648150445498574,0.049,0.049,0.049
2.61178626167164,4.06539198819785,0.648074069840786,0.05,0.05,0.05
2.60528084897696,4.05467688819966,0.647996141963824,0.051,0.051,0.051
2.59877757023131,4.0439628701107,0.64791666130761,0.052,0.052,0.052
2.5922764370243,4.03324994120107,0.647835627300629,0.053,0.053,0.053
2.58577746102571,4.02253810880542,0.647753039359909,0.054,0.054,0.054
2.57928065398622,4.01182738032365,0.647668896890996,0.055,0.055,0.055
2.57278602773802,4.00111776322162,0.647583199287937,0.056,0.056,0.056
2.56629359419552,3.99040926503187,0.647495945933255,0.057,0.057,0.057
2.55980336535601,3.97970189335438,0.647407136197926,0.058,0.058,0.058
2.55331535330035,3.96899565585729,0.647316769441361,0.059,0.059,0.059
2.54682957019364,3.95829056027769,0.647224845011376,0.06,0.06,0.06
2.54034602828594,3.94758661442235,0.647131362244174,0.061,0.061,0.061
2.53386473991295,3.93688382616851,0.647036320464315,0.062,0.062,0.062
2.52738571749674,3.9261822034647,0.646939718984698,0.063,0.063,0.063
2.52090897354646,3.91548175433149,0.64684155710653,0.064,0.064,0.064
2.51443452065905,3.9047824868623,0.646741834119303,0.065,0.065,0.065
2.50796237151997,3.89408440922428,0.646640549300769,0.066,0.066,0.066
2.50149253890395,3.88338752965905,0.646537701916911,0.067,0.067,0.067
2.49502503567571,3.87269185648362,0.646433291221917,0.068,0.068,0.068
2.48855987479074,3.8619973980912,0.646327316458155,0.069,0.069,0.069
2.48209706929603,3.85130416295206,0.646219776856141,0.07,0.07,0.07
2.47563663233083,3.84061215961445,0.646110671634512,0.071,0.071,0.071
2.46917857712744,3.82992139670541,0.646,0.072,0.072,0.072
2.46272291701199,3.81923188293175,0.645887761147399,0.073,0.073,0.073
2.45626966540517,3.80854362708091,0.645773954259538,0.074,0.074,0.074
2.44981883582312,3.79785663802191,0.645658578507248,0.075,0.075,0.075
2.44337044187813,3.78717092470628,0.645541633049333,0.076,0.076,0.076
2.43692449727951,3.77648649616897,0.64542311703254,0.077,0.077,0.077
2.43048101583437,3.76580336152937,0.645303029591525,0.078,0.078,0.078
2.42404001144846,3.75512152999228,0.64518136984882,0.079,0.079,0.079
2.41760149812701,3.74444101084885,0.645058136914806,0.08,0.08,0.08
2.41116548997553,3.73376181347761,0.644933329887671,0.081,0.081,0.081
2.40473200120068,3.7230839473455,0.644806947853387,0.082,0.082,0.082
2.39830104611113,3.71240742200889,0.644678989885664,0.083,0.083,0.083
2.3918726391184,3.7017322471146,0.644549455045926,0.084,0.084,0.084
2.38544679473773,3.691058432401,0.644418342383269,0.085,0.085,0.085
2.379023527589,3.68038598769904,0.644285650934428,0.086,0.086,0.086
2.37260285239754,3.66971492293338,0.644151379723742,0.087,0.087,0.087
2.36618478399508,3.65904524812345,0.644015527763112,0.088,0.088,0.088
2.35976933732064,3.64837697338461,0.643878094051972,0.089,0.089,0.089
2.35335652742144,3.63771010892926,0.643739077577243,0.09,0.09,0.09
2.3469463694538,3.62704466506797,0.643598477313301,0.091,0.091,0.091
2.3405388786841,3.61638065221071,0.643456292221935,0.092,0.092,0.092
2.33413407048967,3.60571808086795,0.643312521252307,0.093,0.093,0.093
2.32773196035979,3.59505696165194,0.643167163340916,0.094,0.094,0.094
2.32133256389661,3.58439730527786,0.643020217411552,0.095,0.095,0.095
2.31493589681611,3.5737391225651,0.642871682375262,0.096,0.096,0.096
2.30854197494909,3.56308242443847,0.642721557130302,0.097,0.097,0.097
2.30215081424214,3.5524272219295,0.642569840562098,0.098,0.098,0.098
2.29576243075863,3.54177352617773,0.642416531543204,0.099,0.099,0.099
2.28937684067971,3.53112134843197,0.642261628933256,0.1,0.1,0.1
2.28299406030532,3.52047070005169,0.642105131578934,0.101,0.101,0.101
2.27661410605521,3.50982159250831,0.64194703831391,0.102,0.102,0.102
2.27023699446997,3.49917403738656,0.641787347958808,0.103,0.103,0.103
2.26386274221206,3.48852804638591,0.641626059321159,0.104,0.104,0.104
2.25749136606684,3.47788363132194,0.641463171195354,0.105,0.105,0.105
2.25112288294368,3.46724080412774,0.641298682362595,0.106,0.106,0.106
2.24475730987697,3.4565995768554,0.64113259159085,0.107,0.107,0.107
2.23839466402722,3.44595996167742,0.640964897634808,0.108,0.108,0.108
2.23203496268218,3.43532197088826,0.640795599235825,0.109,0.109,0.109
2.22567822325786,3.42468561690578,0.640624695121879,0.11,0.11,0.11
2.21932446329972,3.41405091227281,0.640452184007518,0.111,0.111,0.111
2.21297370048371,3.40341786965867,0.640278064593814,0.112,0.112,0.112
2.20662595261749,3.39278650186079,0.640102335568306,0.113,0.113,0.113
2.20028123764147,3.38215682180626,0.639924995604954,0.114,0.114,0.114
2.19393957363003,3.37152884255345,0.639746043364084,0.115,0.115,0.115
2.18760097879267,3.3609025772937,0.639565477492336,0.116,0.116,0.116
2.18126547147515,3.35027803935294,0.639383296622613,0.117,0.117,0.117
2.17493307016069,3.33965524219341,0.639199499374022,0.118,0.118,0.118
2.16860379347119,3.32903419941535,0.639014084351824,0.119,0.119,0.119
2.16227766016838,3.31841492475878,0.638827050147378,0.12,0.12,0.12
2.15595468915509,3.30779743210525,0.638638395338082,0.121,0.121,0.121
2.14963489947645,3.29718173547964,0.638448118487321,0.122,0.122,0.122
2.14331831032112,3.28656784905196,0.638256218144406,0.123,0.123,0.123
2.13700494102257,3.27595578713925,0.63806269284452,0.124,0.124,0.124
2.13069481106032,3.26534556420739,0.637867541108654,0.125,0.125,0.125
2.12438794006122,3.25473719487309,0.637670761443553,0.126,0.126,0.126
2.11808434780075,3.24413069390575,0.637472352341653,0.127,0.127,0.127
2.11178405420428,3.23352607622945,0.637272312281022,0.128,0.128,0.128
2.10548707934842,3.22292335692497,0.637070639725298,0.129,0.129,0.129
2.09919344346235,3.21232255123179,0.636867333123626,0.13,0.13,0.13
2.09290316692909,3.20172367455013,0.636662390910599,0.131,0.131,0.131
2.08661627028693,3.19112674244308,0.636455811506188,0.132,0.132,0.132
2.08033277423073,3.18053177063868,0.636247593315684,0.133,0.133,0.133
2.07405269961333,3.16993877503208,0.636037734729631,0.134,0.134,0.134
2.06777606744691,3.15934777168775,0.635826234123758,0.135,0.135,0.135
2.06150289890439,3.14875877684168,0.635613089858917,0.136,0.136,0.136
2.05523321532089,3.1381718069036,0.635398300281013,0.137,0.137,0.137
2.04896703819507,3.12758687845933,0.635181863720935,0.138,0.138,0.138
2.04270438919064,3.11700400827307,0.63496377849449,0.139,0.139,0.139
2.0364452901378,3.10642321328974,0.634744042902334,0.14,0.14,0.14
2.03018976303465,3.09584451063742,0.634522655229898,0.141,0.141,0.141
2.02393783004876,3.08526791762974,0.634299613747321,0.142,0.142,0.142
2.01768951351858,3.07469345176839,0.634074916709374,0.143,0.143,0.143
2.01144483595499,3.06412113074559,0.633848562355394,0.144,0.144,0.144
2.00520382004283,3.05355097244667,0.633620548909203,0.145,0.145,0.145
1.99896648864238,3.04298299495265,0.633390874579039,0.146,0.146,0.146
1.99273286479098,3.03241721654288,0.633159537557479,0.147,0.147,0.147
1.98650297170453,3.02185365569769,0.632926536021362,0.148,0.148,0.148
1.98027683277913,3.01129233110111,0.632691868131716,0.149,0.149,0.149
1.97405447159261,3.00073326164365,0.632455532033676,0.15,0.15,0.15
1.96783591190618,2.99017646642508,0.63221752585641,0.151,0.151,0.151
1.96162117766604,2.97962196475729,0.631977847713035,0.152,0.152,0.152
1.95541029300502,2.96906977616715,0.631736495700541,0.153,0.153,0.153
1.94920328224421,2.95851992039951,0.631493467899708,0.154,0.154,0.154
1.94300016989466,2.94797241742012,0.631248762375024,0.155,0.155,0.155
1.93680098065906,2.9374272874187,0.631002377174603,0.156,0.156,0.156
1.9306057394334,2.926884550812,0.6307543103301,0.157,0.157,0.157
1.92441447130874,2.91634422824699,0.630504559856628,0.158,0.158,0.158
1.9182272015729,2.90580634060394,0.630253123752671,0.159,0.159,0.159
1.91204395571221,2.89527090899977,0.63,0.16,0.16,0.16
1.90586475941328,2.88473795479124,0.629745186563581,0.161,0.161,0.161
1.89968963856479,2.87420749957836,0.629488681391493,0.162,0.162,0.162
1.89351861925926,2.86367956520774,0.62923048241483,0.163,0.163,0.163
1.88735172779487,2.85315417377608,0.628970587547621,0.164,0.164,0.164
1.88118899067729,2.84263134763365,0.628708994686731,0.165,0.165,0.165
1.87503043462152,2.83211110938787,0.628445701711771,0.166,0.166,0.166
1.86887608655376,2.82159348190692,0.628180706485005,0.167,0.167,0.167
1.86272597361326,2.81107848832345,0.627914006851257,0.168,0.168,0.168
1.85658012315426,2.80056615203829,0.627645600637812,0.169,0.169,0.169
1.85043856274784,2.79005649672431,0.627375485654325,0.17,0.17,0.17
1.84430132018392,2.77954954633024,0.627103659692718,0.171,0.171,0.171
1.83816842347314,2.76904532508463,0.626830120527085,0.172,0.172,0.172
1.83203990084886,2.75854385749986,0.626554865913593,0.173,0.173,0.173
1.82591578076913,2.74804516837619,0.626277893590377,0.174,0.174,0.174
1.8197960919187,2.73754928280591,0.625999201277446,0.175,0.175,0.175
1.81368086321104,2.72705622617754,0.625718786676571,0.176,0.176,0.176
1.80757012379032,2.71656602418013,0.625436647471189,0.177,0.177,0.177
1.80146390303356,2.70607870280756,0.625152781326293,0.178,0.178,0.178
1.7953622305526,2.69559428836304,0.624867185888329,0.179,0.179,0.179
1.78926513619627,2.68511280746353,0.624579858785088,0.18,0.18,0.18
1.78317265005245,2.67463428704438,0.624290797625594,0.181,0.181,0.181
1.77708480245022,2.66415875436395,0.624,0.182,0.182,0.182
1.77100162396199,2.65368623700834,0.623707463479474,0.183,0.183,0.183
1.76492314540567,2.64321676289623,0.623413185616089,0.184,0.184,0.184
1.75884939784686,2.63275036028377,0.623117163942705,0.185,0.185,0.185
1.75278041260105,2.62228705776955,0.622819395972862,0.186,0.186,0.186
1.74671622123582,2.61182688429967,0.622519879200657,0.187,0.187,0.187
1.74065685557313,2.6013698691729,0.622218611100632,0.188,0.188,0.188
1.73460234769153,2.59091604204595,0.621915589127656,0.189,0.189,0.189
1.72855272992845,2.58046543293877,0.621610810716802,0.19,0.19,0.19
1.72250803488254,2.57001807223997,0.621304273283228,0.191,0.191,0.191
1.71646829541594,2.5595739907124,0.620995974222056,0.192,0.192,0.192
1.71043354465665,2.54913321949872,0.620685910908247,0.193,0.193,0.193
1.70440381600086,2.53869579012714,0.620374080696478,0.194,0.194,0.194
1.69837914311536,2.52826173451724,0.620060480921015,0.195,0.195,0.195
1.69235955993994,2.51783108498588,0.619745108895585,0.196,0.196,0.196
1.68634510068978,2.50740387425324,0.619427961913248,0.197,0.197,0.197
1.68033579985792,2.49698013544894,0.619109037246267,0.198,0.198,0.198
1.6743316922177,2.4865599021183,0.618788332145977,0.199,0.199,0.199
1.66833281282527,2.47614320822867,0.618465843842649,0.2,0.2,0.2
1.66233919702205,2.46573008817593,0.618141569545359,0.201,0.201,0.201
1.6563508804373,2.45532057679103,0.61781550644185,0.202,0.202,0.202
1.65036789899063,2.44491470934671,0.617487651698396,0.203,0.203,0.203
1.64439028889459,2.43451252156433,0.617158002459662,0.204,0.204,0.204
1.63841808665723,2.42411404962078,0.616826555848563,0.205,0.205,0.205
1.63245132908474,2.41371933015557,0.616493308966123,0.206,0.206,0.206
1.62649005328404,2.40332840027803,0.616158258891334,0.207,0.207,0.207
1.62053429666547,2.39294129757461,0.615821402681005,0.208,0.208,0.208
1.61458409694544,2.38255806011636,0.61548273736962,0.209,0.209,0.209
1.60863949214912,2.3721787264665,0.615142259969188,0.21,0.21,0.21
1.60270052061316,2.36180333568817,0.614799967469095,0.211,0.211,0.211
1.59676722098844,2.35143192735227,0.614455856835949,0.212,0.212,0.212
1.5908396322428,2.34106454154552,0.61410992501343,0.213,0.213,0.213
1.58491779366385,2.33070121887859,0.613762168922132,0.214,0.214,0.214
1.57900174486176,2.32034200049441,0.613412585459412,0.215,0.215,0.215
1.57309152577206,2.30998692807665,0.613061171499223,0.216,0.216,0.216
1.56718717665853,2.29963604385835,0.612707923891963,0.217,0.217,0.217
1.56128873811603,2.28928939063065,0.612352839464308,0.218,0.218,0.218
1.5553962510734,2.27894701175177,0.611995915019047,0.219,0.219,0.219
1.54950975679639,2.26860895115614,0.611637147334921,0.22,0.22,0.22
1.54362929689057,2.25827525336363,0.611276533166455,0.221,0.221,0.221
1.53775491330428,2.247945963489,0.610914069243785,0.222,0.222,0.222
1.53188664833164,2.23762112725158,0.610549752272491,0.223,0.223,0.223
1.52602454461551,2.22730079098502,0.610183578933422,0.224,0.224,0.224
1.52016864515056,2.2169850016473,0.609815545882523,0.225,0.225,0.225
1.51431899328625,2.20667380683091,0.609445649750657,0.226,0.226,0.226
1.50847563272997,2.19636725477324,0.609073887143424,0.227,0.227,0.227
1.50263860755004,2.18606539436709,0.608700254640985,0.228,0.228,0.228
1.49680796217891,2.1757682751715,0.608324748797877,0.229,0.229,0.229
1.49098374141623,2.16547594742265,0.607947366142827,0.23,0.23,0.23
1.48516599043203,2.1551884620451,0.607568103178566,0.231,0.231,0.231
1.47935475476988,2.14490587066315,0.60718695638164,0.232,0.232,0.232
1.4735500803501,2.13462822561244,0.606803922202222,0.233,0.233,0.233
1.46775201347299,2.12435557995179,0.606418997063911,0.234,0.234,0.234
1.46196060082204,2.11408798747524,0.606032177363546,0.235,0.235,0.235
1.4561758894672,2.10382550272437,0.605643459470999,0.236,0.236,0.236
1.45039792686821,2.09356818100076,0.605252839728985,0.237,0.237,0.237
1.44462676087782,2.08331607837883,0.604860314452849,0.238,0.238,0.238
1.43886243974522,2.07306925171877,0.604465879930373,0.239,0.239,0.239
1.43310501211929,2.06282775867987,0.604069532421558,0.24,0.24,0.24
1.42735452705203,2.05259165773396,0.603671268158424,0.241,0.241,0.241
1.42161103400195,2.04236100817928,0.603271083344793,0.242,0.242,0.242
1.41587458283745,2.03213587015444,0.602868974156077,0.243,0.243,0.243
1.41014522384026,2.02191630465279,0.60246493673906,0.244,0.244,0.244
1.40442300770892,2.01170237353702,0.602058967211684,0.245,0.245,0.245
1.39870798556223,2.001494139554,0.601651061662821,0.246,0.246,0.246
1.39300020894274,1.99129166635001,0.601241216152053,0.247,0.247,0.247
1.38729972982028,1.98109501848617,0.600829426709445,0.248,0.248,0.248
1.38160660059549,1.97090426145427,0.600415689335314,0.249,0.249,0.249
1.37592087410334,1.96071946169278,0.6,0.25,0.25,0.25
1.37024260361677,1.95054068660333,0.59958235464363,0.251,0.251,0.251
1.3645718428502,1.9403680045674,0.599162749175881,0.252,0.252,0.252
1.35890864596321,1.9302014849634,0.59874117947574,0.253,0.253,0.253
1.35325306756413,1.92004119818403,0.59831764139126,0.254,0.254,0.254
1.3476051627137,1.90988721565408,0.597892130739317,0.255,0.255,0.255
1.34196498692871,1.89973960984848,0.597464643305359,0.256,0.256,0.256
1.33633259618574,1.88959845431081,0.597035174843158,0.257,0.257,0.257
1.3307080469248,1.87946382367204,0.596603721074551,0.258,0.258,0.258
1.32509139605307,1.86933579366984,0.596170277689185,0.259,0.259,0.259
1.31948270094864,1.85921444116807,0.595734840344259,0.26,0.26,0.26
1.31388201946426,1.84909984417683,0.595297404664257,0.261,0.261,0.261
1.30828940993109,1.83899208187279,0.594857966240682,0.262,0.262,0.262
1.30270493116248,1.82889123462003,0.594416520631787,0.263,0.263,0.263
1.2971286424578,1.81879738399119,0.593973063362304,0.264,0.264,0.264
1.2915606036062,1.80871061278918,0.593527589923164,0.265,0.265,0.265
1.28600087489047,1.79863100506919,0.59308009577122,0.266,0.266,0.266
1.28044951709087,1.78855864616124,0.592630576328964,0.267,0.267,0.267
1.27490659148898,1.77849362269316,0.592179026984239,0.268,0.268,0.268
1.26937215987154,1.76843602261403,0.591725443089952,0.269,0.269,0.269
1.26384628453435,1.7583859352181,0.591269819963779,0.27,0.27,0.27
1.25832902828618,1.74834345116919,0.59081215288787,0.271,0.271,0.271
1.2528204544526,1.73830866252561,0.590352437108546,0.272,0.272,0.272
1.24732062687993,1.72828166276555,0.589890667835998,0.273,0.273,0.273
1.24182960993917,1.71826254681304,0.589426840243978,0.274,0.274,0.274
1.23634746852988,1.70825141106438,0.588960949469487,0.275,0.275,0.275
1.23087426808415,1.69824835341515,0.588492990612463,0.276,0.276,0.276
1.22541007457053,1.6882534732878,0.588022958735456,0.277,0.277,0.277
1.21995495449795,1.6782668716597,0.587550848863313,0.278,0.278,0.278
1.21450897491972,1.66828865109192,0.587076655982845,0.279,0.279,0.279
1.20907220343745,1.65831891575846,0.586600375042499,0.28,0.28,0.28
1.20364470820502,1.64835777147614,0.58612200095202,0.281,0.281,0.281
1.19822655793255,1.63840532573514,0.585641528582118,0.282,0.282,0.282
1.19281782189036,1.62846168773012,0.585158952764119,0.283,0.283,0.283
1.18741856991295,1.61852696839196,0.584674268289618,0.284,0.284,0.284
1.18202887240293,1.60860128042024,0.584187469910131,0.285,0.285,0.285
1.17664880033505,1.59868473831632,0.583698552336735,0.286,0.286,0.286
1.1712784252601,1.58877745841711,0.583207510239709,0.287,0.287,0.287
1.16591781930894,1.57887955892957,0.582714338248168,0.288,0.288,0.288
1.16056705519639,1.5689911599659,0.582219030949693,0.289,0.289,0.289
1.15522620622523,1.55911238357946,0.58172158288996,0.29,0.29,0.29
1.14989534629014,1.54924335380142,0.581221988572353,0.291,0.291,0.291
1.14457454988163,1.53938419667822,0.580720242457588,0.292,0.292,0.292
1.13926389208999,1.52953504030976,0.580216338963322,0.293,0.293,0.293
1.13396344860918,1.51969601488834,0.579710272463754,0.294,0.294,0.294
1.1286732957408,1.50986725273853,0.579202037289235,0.295,0.295,0.295
1.12339351039792,1.50004888835776,0.578691627725855,0.296,0.296,0.296
1.11812417010901,1.49024105845777,0.578179038015043,0.297,0.297,0.297
1.11286535302182,1.48044390200695,0.577664262353142,0.298,0.298,0.298
1.10761713790717,1.47065756027353,0.577147294891001,0.299,0.299,0.299
1.10237960416286,1.46088217686968,0.57662812973354,0.3,0.3,0.3
1.09715283181746,1.45111789779648,0.576106760939325,0.301,0.301,0.301
1.09193690153408,1.44136487148991,0.575583182520129,0.302,0.302,0.302
1.08673189461416,1.43162324886769,0.575057388440493,0.303,0.303,0.303
1.08153789300123,1.42189318337712,0.574529372617275,0.304,0.304,0.304
1.07635497928461,1.41217483104397,0.5739991289192,0.305,0.305,0.305
1.07118323670312,1.40246835052226,0.573466651166395,0.306,0.306,0.306
1.06602274914871,1.39277390314517,0.572931933129931,0.307,0.307,0.307
1.06087360117014,1.38309165297696,0.572394968531346,0.308,0.308,0.308
1.05573587797655,1.37342176686592,0.571855751042166,0.309,0.309,0.309
1.05060966544099,1.36376441449846,0.571314274283428,0.31,0.31,0.31
1.04549505010401,1.35411976845426,0.570770531825181,0.311,0.311,0.311
1.0403921191771,1.34448800426262,0.570224517185994,0.312,0.312,0.312
1.03530096054613,1.33486930045986,0.56967622383245,0.313,0.313,0.313
1.03022166277478,1.32526383864799,0.569125645178637,0.314,0.314,0.314
1.02515431510786,1.31567180355448,0.568572774585629,0.315,0.315,0.315
1.02009900747463,1.30609338309329,0.568017605360961,0.316,0.316,0.316
1.01505583049205,1.29652876842716,0.5674601307581,0.317,0.317,0.317
1.01002487546796,1.28697815403111,0.566900343975906,0.318,0.318,0.318
1.00500623440427,1.27744173775722,0.566338238158082,0.319,0.319,0.319
1,1.26791972090071,0.565773806392625,0.32,0.32,0.32
0.995006265654321,1.2584123082674,0.565207041711265,0.321,0.321,0.321
0.990025125469525,1.24891970824243,0.564637937088892,0.322,0.322,0.322
0.985056674253912,1.23944213286037,0.564066485442984,0.323,0.323,0.323
0.980101007524616,1.22997979787674,0.563492679633019,0.324,0.324,0.324
0.975158221510368,1.22053292284092,0.562916512459885,0.325,0.325,0.325
0.97022841315417,1.21110173117052,0.562337976665279,0.326,0.326,0.326
0.965311680115905,1.20168645022708,0.561757064931096,0.327,0.327,0.327
0.960408120774855,1.19228731139345,0.561173769878814,0.328,0.328,0.328
0.95551783423215,1.18290455015244,0.560588084068864,0.329,0.329,0.329
0.950640920313116,1.17353840616713,0.56,0.33,0.33,0.33
0.945777479569542,1.16418912336268,0.55940951010865,0.331,0.331,0.331
0.940927613281855,1.15485695000963,0.558816606768267,0.332,0.332,0.332
0.936091423461196,1.14554213880884,0.558221282288664,0.333,0.333,0.333
0.931269012851395,1.13624494697799,0.557623528915343,0.334,0.334,0.334
0.926460484930848,1.12696563633967,0.557023338828814,0.335,0.335,0.335
0.92166594391429,1.11770447341114,0.556420704143906,0.336,0.336,0.336
0.916885494754447,1.10846172949566,0.555815616909061,0.337,0.337,0.337
0.912119243143586,1.09923768077551,0.555208069105628,0.338,0.338,0.338
0.907367295514946,1.09003260840671,0.55459805264714,0.339,0.339,0.339
0.902629759044045,1.08084679861533,0.553985559378582,0.34,0.34,0.34
0.897906741649863,1.07168054279558,0.553370581075648,0.341,0.341,0.341
0.893198351995902,1.06253413760955,0.55275310944399,0.342,0.342,0.342
0.888504699491108,1.05340788508867,0.552133136118455,0.343,0.343,0.343
0.883825894290659,1.04430209273689,0.551510652662303,0.344,0.344,0.344
0.879162047296614,1.03521707363558,0.550885650566431,0.345,0.345,0.345
0.874513270158416,1.02615314655015,0.550258121248565,0.346,0.346,0.346
0.869879675273251,1.01711063603839,0.549628056052454,0.347,0.347,0.347
0.865261375786246,1.00808987256056,0.548995446247052,0.348,0.348,0.348
0.860658485590518,0.999091192591169,0.548360283025677,0.349,0.349,0.349
0.856071119327058,0.990114938732496,0.547722557505166,0.35,0.35,0.35
0.851499392384453,0.981161459829787,0.547082260725021,0.351,0.351,0.351
0.846943420898432,0.972231111088172,0.54643938364653,0.352,0.352,0.352
0.842403321751239,0.963324254191249,0.545793917151886,0.353,0.353,0.353
0.837879212570837,0.954441257421329,0.545145852043286,0.354,0.354,0.354
0.833371211729911,0.945582495781317,0.544495179042019,0.355,0.355,0.355
0.828879438344693,0.93674835111821,0.543841888787541,0.356,0.356,0.356
0.824404012273597,0.927939212248167,0.543185971836534,0.357,0.357,0.357
0.819945054115646,0.919155475083133,0.542527418661951,0.358,0.358,0.358
0.8155026852087,0.910397542758962,0.541866219652047,0.359,0.359,0.359
0.811077027627483,0.901665825765006,0.541202365109392,0.36,0.36,0.36
0.806668204181388,0.892960742075111,0.540535845249878,0.361,0.361,0.361
0.802276338412065,0.884282717279969,0.539866650201696,0.362,0.362,0.362
0.797901554590796,0.875632184720763,0.539194770004309,0.363,0.363,0.363
0.793543977715629,0.867009585624031,0.538520194607408,0.364,0.364,0.364
0.789203733508289,0.858415369237685,0.53784291386984,0.365,0.365,0.365
0.784880948410846,0.849849992968091,0.537162917558537,0.366,0.366,0.366
0.78057574958214,0.841313922518118,0.536480195347415,0.367,0.367,0.367
0.776288264893962,0.832807632026078,0.535794736816255,0.368,0.368,0.368
0.772018622926971,0.824331604205416,0.53510653144958,0.369,0.369,0.369
0.767766952966369,0.815886330485071,0.534415568635496,0.37,0.37,0.37
0.76353338499729,0.807472311150346,0.533721837664527,0.371,0.371,0.371
0.75931804969994,0.799090055484186,0.53302532772843,0.372,0.372,0.372
0.755121078444448,0.790740081908691,0.532326027918981,0.373,0.373,0.373
0.750942603285442,0.782422918126716,0.531623927226757,0.374,0.374,0.374
0.746782756956342,0.774139101263398,0.530919014539883,0.375,0.375,0.375
0.742641672863357,0.765889178007416,0.530211278642769,0.376,0.376,0.376
0.738519485079187,0.757673704751794,0.529500708214824,0.377,0.377,0.377
0.734416328336424,0.749493247734047,0.528787291829144,0.378,0.378,0.378
0.730332338020647,0.74134838317544,0.528071017951184,0.379,0.379,0.379
0.726267650163207,0.733239697419132,0.527351874937408,0.38,0.38,0.38
0.722222401433682,0.725167787066949,0.526629851033912,0.381,0.381,0.381
0.718196729132028,0.717133259114522,0.525904934375026,0.382,0.382,0.382
0.714190771180384,0.709136731084513,0.525177112981897,0.383,0.383,0.383
0.710204666114556,0.701178831157621,0.524446374761043,0.384,0.384,0.384
0.706238553075155,0.693260198301054,0.523712707502883,0.385,0.385,0.385
0.702292571798397,0.68538148239414,0.522976098880245,0.386,0.386,0.386
0.698366862606545,0.677543344350706,0.522236536446848,0.387,0.387,0.387
0.694461566398011,0.669746456237873,0.521494007635754,0.388,0.388,0.388
0.690576824637082,0.661991501390854,0.520748499757801,0.389,0.389,0.389
0.6867127793433,0.654279174523356,0.52,0.39,0.39,0.39
0.682869573080457,0.646610181833141,0.519248495423916,0.391,0.391,0.391
0.679047348945228,0.638985241102294,0.518493972964007,0.392,0.392,0.392
0.675246250555422,0.631405081791724,0.517736419425947,0.393,0.393,0.393
0.671466422037846,0.62387044512938,0.516975821484912,0.394,0.394,0.394
0.667708008015792,0.61638208419168,0.51621216568384,0.395,0.395,0.395
0.663971153596119,0.608940763977591,0.515445438431654,0.396,0.396,0.396
0.660256004355955,0.601547261474788,0.514675626001465,0.397,0.397,0.397
0.656562706328982,0.594202365717305,0.513902714528733,0.398,0.398,0.398
0.652891405991331,0.586906877834054,0.513126690009397,0.399,0.399,0.399
0.649242250247064,0.579661611087573,0.51234753829798,0.4,0.4,0.4
0.645615386413241,0.572467390902324,0.511565245105646,0.401,0.401,0.401
0.642010962204577,0.565325054881872,0.510779795998236,0.402,0.402,0.402
0.63842912571768,0.558235452814209,0.509991176394259,0.403,0.403,0.403
0.634870025414864,0.551199446664499,0.509199371562849,0.404,0.404,0.404
0.631333810107545,0.544217910554478,0.508404366621688,0.405,0.405,0.405
0.627820628939196,0.537291730727732,0.50760614653489,0.406,0.406,0.406
0.624330631367887,0.530421805500047,0.506804696110839,0.407,0.407,0.407
0.620863967148385,0.523609045194011,0.506,0.408,0.408,0.408
0.617420786313815,0.516854372057025,0.505192042692677,0.409,0.409,0.409
0.614001239156897,0.510158720161869,0.50438080851674,0.41,0.41,0.41
0.610605476210732,0.503523035288941,0.503566281635298,0.411,0.411,0.411
0.607233648229155,0.496948274789295,0.502748446044341,0.412,0.412,0.412
0.603885906166645,0.490435407427569,0.50192728557033,0.413,0.413,0.413
0.600562401157793,0.4839854132039,0.501102783867741,0.414,0.414,0.414
0.597263284496329,0.477599283153912,0.500274924416565,0.415,0.415,0.415
0.593988707613702,0.471278019125866,0.499443690519762,0.416,0.416,0.416
0.590738822057223,0.465022633534042,0.498609065300662,0.417,0.417,0.417
0.587513779467757,0.458834149087459,0.497771031700319,0.418,0.418,0.418
0.584313731556979,0.452713598493008,0.496929572474813,0.419,0.419,0.419
0.58113883008419,0.446662024132127,0.496084670192499,0.42,0.42,0.42
0.57798922683268,0.44068047771012,0.495236307231205,0.421,0.421,0.421
0.574865073585671,0.434770019877276,0.494384465775372,0.422,0.422,0.422
0.571766522101804,0.428931719820957,0.493529127813141,0.423,0.423,0.423
0.568693724090206,0.423166654827864,0.49267027513338,0.424,0.424,0.424
0.565646831185118,0.417475909815701,0.49180788932265,0.425,0.425,0.425
0.56262599492009,0.411860576833555,0.49094195176212,0.426,0.426,0.426
0.55963136670176,0.406321754530286,0.49007244362441,0.427,0.427,0.427
0.556663097783204,0.400860547590367,0.489199345870372,0.428,0.428,0.428
0.553721339236866,0.39547806613658,0.488322639245817,0.429,0.429,0.429
0.550806241927082,0.390175425099138,0.487442304278158,0.43,0.43,0.43
0.54791795648219,0.384953743550811,0.486558321273,0.431,0.431,0.431
0.545056633266237,0.379814144007766,0.485670670310654,0.432,0.432,0.432
0.542222422350291,0.374757751695893,0.484779331242577,0.433,0.433,0.433
0.539415473483361,0.36978569378252,0.483884283687743,0.434,0.434,0.434
0.536635936062931,0.364899098573499,0.482985507028938,0.435,0.435,0.435
0.533883959105121,0.360099094675786,0.482082980408975,0.436,0.436,0.436
0.531159691214473,0.355386810125759,0.481176682726834,0.437,0.437,0.437
0.52846328055338,0.350763371483626,0.480266592633716,0.438,0.438,0.438
0.525794874811159,0.346229902894461,0.47935268852902,0.439,0.439,0.439
0.523154621172782,0.341787525116494,0.478434948556227,0.44,0.44,0.44
0.52054266628727,0.337437354517491,0.477513350598703,0.441,0.441,0.441
0.517959156235767,0.333180502040172,0.476587872275407,0.442,0.442,0.442
0.515404236499291,0.329018072137812,0.475658490936512,0.443,0.443,0.443
0.512878051926196,0.324951161681311,0.474725183658925,0.444,0.444,0.444
0.510380746699322,0.320980858839223,0.473787927241714,0.445,0.445,0.445
0.507912464302885,0.317108241932373,0.472846698201436,0.446,0.446,0.446
0.505473347489088,0.313334378264899,0.471901472767356,0.447,0.447,0.447
0.503063538244475,0.309660322933722,0.47095222687657,0.448,0.448,0.448
0.500683177756051,0.306087117618618,0.469998936169009,0.449,0.449,0.449
0.49833240637717,0.302615789355261,0.469041575982343,0.45,0.45,0.45
0.496011363593205,0.299247349293769,0.468080121346763,0.451,0.451,0.451
0.493720187987027,0.295982791445442,0.467114546979646,0.452,0.452,0.452
0.491459017204295,0.292823091420592,0.466144827280106,0.453,0.453,0.453
0.489227987918573,0.289769205160453,0.465170936323412,0.454,0.454,0.454
0.487027235796305,0.286822067666386,0.464192847855285,0.455,0.455,0.455
0.484856895461647,0.283982591729667,0.463210535286062,0.456,0.456,0.456
0.482717100461177,0.28125166666532,0.462223971684723,0.457,0.457,0.457
0.480607983228512,0.278630157053545,0.461233129772786,0.458,0.458,0.458
0.47852967504883,0.276118901492415,0.460237981918051,0.459,0.459,0.459
0.47648230602334,0.273718711365578,0.459238500128201,0.46,0.46,0.46
0.474466005033687,0.271430369628787,0.458234656044259,0.461,0.461,0.461
0.472480899706343,0.269254629619115,0.457226420933874,0.462,0.462,0.462
0.470527116376981,0.267192213890767,0.456213765684465,0.463,0.463,0.463
0.468604780054866,0.26524381308137,0.455196660796188,0.464,0.464,0.464
0.466714014387263,0.263410084812659,0.454175076374739,0.465,0.465,0.465
0.464854941623914,0.261691652629397,0.453148982123981,0.466,0.466,0.466
0.46302768258157,0.260089104980348,0.452118347338393,0.467,0.467,0.467
0.461232356608626,0.25860299424501,0.451083140895334,0.468,0.468,0.468
0.459469081549863,0.257233835809739,0.450043331247114,0.469,0.469,0.469
0.457737973711325,0.255982107196743,0.448998886412873,0.47,0.47,0.47
0.45603914782536,0.254848247249305,0.447949773970252,0.471,0.471,0.471
0.454372717015827,0.253832655376383,0.446895961046864,0.472,0.472,0.472
0.452738792763517,0.252935690859588,0.44583741431154,0.473,0.473,0.473
0.451137484871782,0.252157672225284,0.444774099965364,0.474,0.474,0.474
0.449568901432422,0.251498876684342,0.443705983732471,0.475,0.475,0.475
0.448033148791836,0.250959539641838,0.442633030850613,0.476,0.476,0.476
0.446530331517456,0.250539854278679,0.441555206061484,0.477,0.477,0.477
0.445060552364502,0.25023997120691,0.440472473600792,0.478,0.478,0.478
0.443623912243075,0.250059998200108,0.439384797188068,0.479,0.479,0.479
0.442220510185596,0.25,0.438292140016223,0.48,0.48,0.48
0.440850443314642,0.250059998200108,0.437194464740806,0.481,0.481,0.481
0.439513806811175,0.25023997120691,0.436091733469003,0.482,0.482,0.482
0.438210693883202,0.250539854278679,0.434983907748321,0.483,0.483,0.483
0.436941195734885,0.250959539641838,0.433870948554982,0.484,0.484,0.484
0.435705401536123,0.251498876684343,0.432752816281997,0.485,0.485,0.485
0.434503398392629,0.252157672225284,0.431629470726919,0.486,0.486,0.486
0.433335271316519,0.252935690859589,0.430500871079258,0.487,0.487,0.487
0.432201103197453,0.253832655376383,0.429366975907556,0.488,0.488,0.488
0.431100974774317,0.254848247249305,0.428227743146097,0.489,0.489,0.489
0.430034964607509,0.255982107196743,0.427083130081253,0.49,0.49,0.49
0.429003149051814,0.257233835809739,0.42593309333744,0.491,0.491,0.491
0.428005602229907,0.25860299424501,0.424777588862689,0.492,0.492,0.492
0.42704239600651,0.260089104980348,0.4236165719138,0.493,0.493,0.493
0.426113599963201,0.261691652629397,0.42244999704107,0.494,0.494,0.494
0.425219281373922,0.263410084812659,0.421277818072587,0.495,0.495,0.495
0.424359505181188,0.26524381308137,0.420099988098072,0.496,0.496,0.496
0.423534333973017,0.267192213890767,0.41891645945224,0.497,0.497,0.497
0.422743827960607,0.269254629619115,0.417727183697686,0.498,0.498,0.498
0.421988044956778,0.271430369628787,0.416532111607257,0.499,0.499,0.499
0.421267040355189,0.273718711365578,0.415331193145904,0.5,0.5,0.5
0.420580867110352,0.276118901492415,0.414124377451992,0.501,0.501,0.501
0.419929575718458,0.278630157053545,0.412911612818046,0.502,0.502,0.502
0.419313214199037,0.28125166666532,0.411692846670913,0.503,0.503,0.503
0.418731828077456,0.283982591729667,0.410468025551321,0.504,0.504,0.504
0.418185460368284,0.286822067666386,0.409237095092808,0.505,0.505,0.505
0.417674151559518,0.289769205160453,0.408,0.506,0.506,0.506
0.417197939597712,0.292823091420592,0.406756684026212,0.507,0.507,0.507
0.416756859873987,0.295982791445442,0.405507089950349,0.508,0.508,0.508
0.416350945210967,0.299247349293769,0.404251159553068,0.509,0.509,0.509
0.41598022585063,0.302615789355261,0.402988833592198,0.51,0.51,0.51
0.41564472944309,0.306087117618618,0.401720051777354,0.511,0.511,0.511
0.415344481036331,0.309660322933722,0.400444752743746,0.512,0.512,0.512
0.415079503066877,0.313334378264899,0.399162874025128,0.513,0.513,0.513
0.414849815351439,0.317108241932373,0.397874352025863,0.514,0.514,0.514
0.414655435079511,0.320980858839223,0.396579121992069,0.515,0.515,0.515
0.414496376806954,0.324951161681311,0.395277117981803,0.516,0.516,0.516
0.414372652450548,0.329018072137812,0.393968272834247,0.517,0.517,0.517
0.414284271283535,0.333180502040173,0.392652518137857,0.518,0.518,0.518
0.414231239932141,0.337437354517491,0.391329784197421,0.519,0.519,0.519
0.414213562373095,0.341787525116495,0.39,0.52,0.52,0.52
0.414231239932141,0.346229902894462,0.388663093179684,0.521,0.521,0.521
0.414284271283535,0.350763371483626,0.387318989981127,0.522,0.522,0.522
0.414372652450548,0.355386810125759,0.385967615221796,0.523,0.523,0.523
0.414496376806954,0.360099094675786,0.384608892252896,0.524,0.524,0.524
0.414655435079511,0.364899098573499,0.383242742918897,0.525,0.525,0.525
0.414849815351439,0.36978569378252,0.381869087515604,0.526,0.526,0.526
0.415079503066877,0.374757751695893,0.380487844746715,0.527,0.527,0.527
0.415344481036331,0.379814144007766,0.37909893167879,0.528,0.528,0.528
0.41564472944309,0.384953743550811,0.377702263694567,0.529,0.529,0.529
0.41598022585063,0.390175425099138,0.376297754444536,0.53,0.53,0.53
0.416350945210967,0.395478066136581,0.374885315796711,0.531,0.531,0.531
0.416756859873987,0.400860547590367,0.373464857784504,0.532,0.532,0.532
0.417197939597712,0.406321754530287,0.372036288552609,0.533,0.533,0.533
0.417674151559518,0.411860576833555,0.370599514300815,0.534,0.534,0.534
0.418185460368284,0.417475909815702,0.369154439225644,0.535,0.535,0.535
0.418731828077456,0.423166654827864,0.367700965459706,0.536,0.536,0.536
0.419313214199037,0.428931719820957,0.366238993008664,0.537,0.537,0.537
0.419929575718458,0.434770019877276,0.364768419685696,0.538,0.538,0.538
0.420580867110352,0.440680477710121,0.363289141043329,0.539,0.539,0.539
0.421267040355189,0.446662024132128,0.361801050302511,0.54,0.54,0.54
0.421988044956778,0.452713598493008,0.360304038278785,0.541,0.541,0.541
0.422743827960607,0.458834149087459,0.358797993305425,0.542,0.542,0.542
0.423534333973017,0.465022633534043,0.357282801153372,0.543,0.543,0.543
0.424359505181188,0.471278019125867,0.355758344947803,0.544,0.544,0.544
0.425219281373922,0.477599283153913,0.35422450508117,0.545,0.545,0.545
0.426113599963201,0.483985413203901,0.352681159122514,0.546,0.546,0.546
0.42704239600651,0.49043540742757,0.351128181722857,0.547,0.547,0.547
0.428005602229907,0.496948274789296,0.349565444516474,0.548,0.548,0.548
0.429003149051814,0.503523035288941,0.347992816017802,0.549,0.549,0.549
0.430034964607509,0.51015872016187,0.346410161513775,0.55,0.55,0.55
0.431100974774317,0.516854372057026,0.344817342951308,0.551,0.551,0.551
0.432201103197453,0.523609045194011,0.343214218819675,0.552,0.552,0.552
0.433335271316519,0.530421805500047,0.341600644027496,0.553,0.553,0.553
0.434503398392629,0.537291730727733,0.339976469774012,0.554,0.554,0.554
0.435705401536123,0.544217910554479,0.338341543414343,0.555,0.555,0.555
0.436941195734885,0.5511994466645,0.336695708318357,0.556,0.556,0.556
0.438210693883202,0.55823545281421,0.335038803722793,0.557,0.557,0.557
0.439513806811175,0.565325054881873,0.333370664576234,0.558,0.558,0.558
0.440850443314642,0.572467390902324,0.3316911213765,0.559,0.559,0.559
0.442220510185596,0.579661611087573,0.33,0.56,0.56,0.56
0.443623912243075,0.586906877834055,0.328297121522562,0.561,0.561,0.561
0.445060552364502,0.594202365717306,0.326582302031203,0.562,0.562,0.562
0.446530331517456,0.601547261474789,0.324855352426276,0.563,0.563,0.563
0.448033148791836,0.608940763977592,0.323116078213388,0.564,0.564,0.564
0.449568901432422,0.616382084191681,0.321364279284428,0.565,0.565,0.565
0.451137484871782,0.62387044512938,0.319599749687011,0.566,0.566,0.566
0.452738792763517,0.631405081791725,0.317822277381558,0.567,0.567,0.567
0.454372717015827,0.638985241102295,0.316031643985219,0.568,0.568,0.568
0.45603914782536,0.646610181833142,0.31422762450173,0.569,0.569,0.569
0.457737973711325,0.654279174523357,0.312409987036266,0.57,0.57,0.57
0.459469081549863,0.661991501390855,0.310578492494248,0.571,0.571,0.571
0.461232356608626,0.669746456237874,0.308732894262986,0.572,0.572,0.572
0.46302768258157,0.677543344350707,0.306872937874945,0.573,0.573,0.573
0.464854941623914,0.685381482394141,0.304998360651332,0.574,0.574,0.574
0.466714014387263,0.693260198301056,0.303108891324553,0.575,0.575,0.575
0.468604780054866,0.701178831157622,0.301204249638016,0.576,0.576,0.576
0.470527116376981,0.709136731084513,0.299284145921564,0.577,0.577,0.577
0.472480899706342,0.717133259114522,0.297348280640733,0.578,0.578,0.578
0.474466005033687,0.725167787066949,0.295396343917795,0.579,0.579,0.579
0.47648230602334,0.733239697419132,0.293428015022424,0.58,0.58,0.58
0.47852967504883,0.74134838317544,0.291442961829584,0.581,0.581,0.581
0.480607983228511,0.749493247734047,0.289440840242009,0.582,0.582,0.582
0.482717100461177,0.757673704751794,0.287421293574432,0.583,0.583,0.583
0.484856895461647,0.765889178007416,0.285383951896388,0.584,0.584,0.584
0.487027235796305,0.774139101263398,0.283328431330144,0.585,0.585,0.585
0.489227987918572,0.782422918126716,0.281254333299951,0.586,0.586,0.586
0.491459017204294,0.790740081908691,0.279161243728423,0.587,0.587,0.587
0.493720187987027,0.799090055484186,0.277048732175406,0.588,0.588,0.588
0.496011363593205,0.807472311150346,0.274916350914237,0.589,0.589,0.589
0.49833240637717,0.815886330485071,0.272763633939717,0.59,0.59,0.59
0.500683177756051,0.824331604205416,0.270590095901532,0.591,0.591,0.591
0.503063538244475,0.832807632026078,0.268395230956141,0.592,0.592,0.592
0.505473347489088,0.841313922518118,0.266178511529387,0.593,0.593,0.593
0.507912464302885,0.849849992968091,0.263939386981178,0.594,0.594,0.594
0.510380746699321,0.858415369237685,0.261677282162591,0.595,0.595,0.595
0.512878051926195,0.867009585624031,0.259391595854608,0.596,0.596,0.596
0.515404236499291,0.875632184720763,0.257081699076383,0.597,0.597,0.597
0.517959156235766,0.884282717279969,0.254746933249451,0.598,0.598,0.598
0.52054266628727,0.892960742075111,0.252386608202575,0.599,0.599,0.599
0.523154621172782,0.901665825765006,0.25,0.6,0.6,0.6
0.525794874811159,0.910397542758962,0.247586348573584,0.601,0.601,0.601
0.52846328055338,0.919155475083133,0.245144855136713,0.602,0.602,0.602
0.531159691214473,0.927939212248167,0.242674679354893,0.603,0.603,0.603
0.533883959105121,0.93674835111821,0.240174936244397,0.604,0.604,0.604
0.536635936062931,0.945582495781317,0.237644692766323,0.605,0.605,0.605
0.539415473483361,0.954441257421329,0.235082964078642,0.606,0.606,0.606
0.542222422350291,0.963324254191249,0.232488709403274,0.607,0.607,0.607
0.545056633266237,0.972231111088172,0.229860827458704,0.608,0.608,0.608
0.54791795648219,0.981161459829787,0.22719815140093,0.609,0.609,0.609
0.550806241927082,0.990114938732497,0.224499443206437,0.61,0.61,0.61
0.553721339236866,0.99909119259117,0.221763387420016,0.611,0.611,0.611
0.556663097783204,1.00808987256056,0.218988584177349,0.612,0.612,0.612
0.55963136670176,1.01711063603839,0.216173541396722,0.613,0.613,0.613
0.56262599492009,1.02615314655015,0.213316666015574,0.614,0.614,0.614
0.565646831185117,1.03521707363558,0.210416254125008,0.615,0.615,0.615
0.568693724090206,1.04430209273689,0.207470479827854,0.616,0.616,0.616
0.571766522101804,1.05340788508867,0.204477382612357,0.617,0.617,0.617
0.574865073585671,1.06253413760955,0.201434852992227,0.618,0.618,0.618
0.57798922683268,1.07168054279558,0.198340616112787,0.619,0.619,0.619
0.58113883008419,1.08084679861533,0.195192212959431,0.62,0.62,0.62
0.584313731556979,1.09003260840671,0.191986978725121,0.621,0.621,0.621
0.587513779467756,1.09923768077551,0.188722017793367,0.622,0.622,0.622
0.590738822057223,1.10846172949566,0.185394174665765,0.623,0.623,0.623
0.593988707613702,1.11770447341114,0.182,0.624,0.624,0.624
0.597263284496329,1.12696563633967,0.178535710713571,0.625,0.625,0.625
0.600562401157793,1.13624494697799,0.174997142833819,0.626,0.626,0.626
0.603885906166645,1.14554213880884,0.17137969541343,0.627,0.627,0.627
0.607233648229155,1.15485695000963,0.167678263349786,0.628,0.628,0.628
0.610605476210732,1.16418912336268,0.163887156299693,0.629,0.629,0.629
0.614001239156897,1.17353840616713,0.16,0.63,0.63,0.63
0.617420786313815,1.18290455015244,0.156009615088302,0.631,0.631,0.631
0.620863967148385,1.19228731139345,0.151907866814066,0.632,0.632,0.632
0.624330631367887,1.20168645022709,0.147685476604844,0.633,0.633,0.633
0.627820628939196,1.21110173117052,0.143331782937351,0.634,0.634,0.634
0.631333810107545,1.22053292284093,0.138834433769148,0.635,0.635,0.635
0.634870025414864,1.22997979787674,0.134178984941756,0.636,0.636,0.636
0.63842912571768,1.23944213286037,0.129348366823861,0.637,0.637,0.637
0.642010962204577,1.24891970824243,0.124322162143361,0.638,0.638,0.638
0.645615386413241,1.2584123082674,0.119075606234023,0.639,0.639,0.639
0.649242250247064,1.26791972090071,0.113578166916006,0.64,0.64,0.64
0.652891405991331,1.27744173775722,0.10779146533933,0.641,0.641,0.641
0.656562706328982,1.28697815403111,0.101666120217111,0.642,0.642,0.642
0.660256004355955,1.29652876842716,0.0951367436903326,0.643,0.643,0.643
0.663971153596119,1.30609338309329,0.0881135630876427,0.644,0.644,0.644
0.667708008015792,1.31567180355448,0.0804673846971555,0.645,0.645,0.645
0.671466422037846,1.32526383864799,0.0720000000000001,0.646,0.646,0.646
0.675246250555422,1.33486930045986,0.062377880695003,0.647,0.647,0.647
0.679047348945228,1.34448800426262,0.0509509568114284,0.648,0.648,0.648
0.682869573080457,1.35411976845426,0.0360416425818801,0.649,0.649,0.649
0.6867127793433,1.36376441449846,0,0.65,0.65,0.65
0.690576824637082,1.37342176686592,NA,0.651,0.651,0.651
0.694461566398011,1.38309165297697,NA,0.652,0.652,0.652
0.698366862606545,1.39277390314517,NA,0.653,0.653,0.653
0.702292571798397,1.40246835052226,NA,0.654,0.654,0.654
0.706238553075155,1.41217483104397,NA,0.655,0.655,0.655
0.710204666114556,1.42189318337712,NA,0.656,0.656,0.656
0.714190771180384,1.43162324886769,NA,0.657,0.657,0.657
0.718196729132028,1.44136487148991,NA,0.658,0.658,0.658
0.722222401433682,1.45111789779648,NA,0.659,0.659,0.659
0.726267650163207,1.46088217686968,NA,0.66,0.66,0.66
0.730332338020647,1.47065756027353,NA,0.661,0.661,0.661
0.734416328336424,1.48044390200695,NA,0.662,0.662,0.662
0.738519485079187,1.49024105845777,NA,0.663,0.663,0.663
0.742641672863357,1.50004888835776,NA,0.664,0.664,0.664
0.746782756956342,1.50986725273853,NA,0.665,0.665,0.665
0.750942603285442,1.51969601488834,NA,0.666,0.666,0.666
0.755121078444448,1.52953504030976,NA,0.667,0.667,0.667
0.75931804969994,1.53938419667823,NA,0.668,0.668,0.668
0.76353338499729,1.54924335380142,NA,0.669,0.669,0.669
0.767766952966369,1.55911238357946,NA,0.67,0.67,0.67
0.772018622926971,1.5689911599659,NA,0.671,0.671,0.671
0.776288264893962,1.57887955892957,NA,0.672,0.672,0.672
0.78057574958214,1.58877745841711,NA,0.673,0.673,0.673
0.784880948410846,1.59868473831632,NA,0.674,0.674,0.674
0.789203733508289,1.60860128042024,NA,0.675,0.675,0.675
0.793543977715629,1.61852696839196,NA,0.676,0.676,0.676
0.797901554590796,1.62846168773012,NA,0.677,0.677,0.677
0.802276338412065,1.63840532573514,NA,0.678,0.678,0.678
0.806668204181388,1.64835777147614,NA,0.679,0.679,0.679
0.811077027627483,1.65831891575846,NA,0.68,0.68,0.68
0.8155026852087,1.66828865109193,NA,0.681,0.681,0.681
0.819945054115646,1.6782668716597,NA,0.682,0.682,0.682
0.824404012273597,1.6882534732878,NA,0.683,0.683,0.683
0.828879438344693,1.69824835341515,NA,0.684,0.684,0.684
0.833371211729911,1.70825141106438,NA,0.685,0.685,0.685
0.837879212570837,1.71826254681304,NA,0.686,0.686,0.686
0.842403321751239,1.72828166276555,NA,0.687,0.687,0.687
0.846943420898432,1.73830866252561,NA,0.688,0.688,0.688
0.851499392384454,1.7483434511692,NA,0.689,0.689,0.689
0.856071119327059,1.7583859352181,NA,0.69,0.69,0.69
0.860658485590518,1.76843602261404,NA,0.691,0.691,0.691
0.865261375786246,1.77849362269316,NA,0.692,0.692,0.692
0.869879675273252,1.78855864616124,NA,0.693,0.693,0.693
0.874513270158417,1.79863100506919,NA,0.694,0.694,0.694
0.879162047296614,1.80871061278918,NA,0.695,0.695,0.695
0.883825894290659,1.81879738399119,NA,0.696,0.696,0.696
0.888504699491108,1.82889123462003,NA,0.697,0.697,0.697
0.893198351995902,1.83899208187279,NA,0.698,0.698,0.698
0.897906741649863,1.84909984417683,NA,0.699,0.699,0.699
0.902629759044045,1.85921444116807,NA,0.7,0.7,0.7
0.907367295514946,1.86933579366984,NA,0.701,0.701,0.701
0.912119243143586,1.87946382367204,NA,0.702,0.702,0.702
0.916885494754447,1.88959845431081,NA,0.703,0.703,0.703
0.92166594391429,1.89973960984848,NA,0.704,0.704,0.704
0.926460484930848,1.90988721565408,NA,0.705,0.705,0.705
0.931269012851394,1.92004119818403,NA,0.706,0.706,0.706
0.936091423461196,1.9302014849634,NA,0.707,0.707,0.707
0.940927613281855,1.9403680045674,NA,0.708,0.708,0.708
0.945777479569542,1.95054068660333,NA,0.709,0.709,0.709
0.950640920313116,1.96071946169278,NA,0.71,0.71,0.71
0.95551783423215,1.97090426145427,NA,0.711,0.711,0.711
0.960408120774855,1.98109501848617,NA,0.712,0.712,0.712
0.965311680115905,1.99129166635001,NA,0.713,0.713,0.713
0.97022841315417,2.001494139554,NA,0.714,0.714,0.714
0.975158221510368,2.01170237353702,NA,0.715,0.715,0.715
0.980101007524616,2.02191630465279,NA,0.716,0.716,0.716
0.985056674253911,2.03213587015444,NA,0.717,0.717,0.717
0.990025125469525,2.04236100817928,NA,0.718,0.718,0.718
0.995006265654321,2.05259165773396,NA,0.719,0.719,0.719
1,2.06282775867987,NA,0.72,0.72,0.72
1.00500623440427,2.07306925171877,NA,0.721,0.721,0.721
1.01002487546796,2.08331607837883,NA,0.722,0.722,0.722
1.01505583049205,2.09356818100076,NA,0.723,0.723,0.723
1.02009900747463,2.10382550272437,NA,0.724,0.724,0.724
1.02515431510786,2.11408798747525,NA,0.725,0.725,0.725
1.03022166277478,2.12435557995179,NA,0.726,0.726,0.726
1.03530096054613,2.13462822561244,NA,0.727,0.727,0.727
1.0403921191771,2.14490587066315,NA,0.728,0.728,0.728
1.04549505010401,2.1551884620451,NA,0.729,0.729,0.729
1.05060966544099,2.16547594742265,NA,0.73,0.73,0.73
1.05573587797655,2.1757682751715,NA,0.731,0.731,0.731
1.06087360117014,2.18606539436709,NA,0.732,0.732,0.732
1.06602274914871,2.19636725477324,NA,0.733,0.733,0.733
1.07118323670312,2.20667380683091,NA,0.734,0.734,0.734
1.07635497928461,2.2169850016473,NA,0.735,0.735,0.735
1.08153789300123,2.22730079098502,NA,0.736,0.736,0.736
1.08673189461416,2.23762112725158,NA,0.737,0.737,0.737
1.09193690153408,2.247945963489,NA,0.738,0.738,0.738
1.09715283181746,2.25827525336363,NA,0.739,0.739,0.739
1.10237960416286,2.26860895115614,NA,0.74,0.74,0.74
1.10761713790717,2.27894701175177,NA,0.741,0.741,0.741
1.11286535302182,2.28928939063065,NA,0.742,0.742,0.742
1.11812417010901,2.29963604385835,NA,0.743,0.743,0.743
1.12339351039792,2.30998692807665,NA,0.744,0.744,0.744
1.1286732957408,2.32034200049441,NA,0.745,0.745,0.745
1.13396344860918,2.33070121887859,NA,0.746,0.746,0.746
1.13926389208999,2.34106454154552,NA,0.747,0.747,0.747
1.14457454988163,2.35143192735227,NA,0.748,0.748,0.748
1.14989534629014,2.36180333568817,NA,0.749,0.749,0.749
1.15522620622523,2.3721787264665,NA,0.75,0.75,0.75
1.16056705519639,2.38255806011636,NA,0.751,0.751,0.751
1.16591781930894,2.39294129757461,NA,0.752,0.752,0.752
1.1712784252601,2.40332840027803,NA,0.753,0.753,0.753
1.17664880033505,2.41371933015557,NA,0.754,0.754,0.754
1.18202887240293,2.42411404962078,NA,0.755,0.755,0.755
1.18741856991295,2.43451252156433,NA,0.756,0.756,0.756
1.19281782189036,2.44491470934671,NA,0.757,0.757,0.757
1.19822655793255,2.45532057679103,NA,0.758,0.758,0.758
1.20364470820502,2.46573008817593,NA,0.759,0.759,0.759
1.20907220343745,2.47614320822867,NA,0.76,0.76,0.76
1.21450897491972,2.4865599021183,NA,0.761,0.761,0.761
1.21995495449795,2.49698013544894,NA,0.762,0.762,0.762
1.22541007457053,2.50740387425324,NA,0.763,0.763,0.763
1.23087426808415,2.51783108498588,NA,0.764,0.764,0.764
1.23634746852988,2.52826173451724,NA,0.765,0.765,0.765
1.24182960993917,2.53869579012714,NA,0.766,0.766,0.766
1.24732062687993,2.54913321949872,NA,0.767,0.767,0.767
1.2528204544526,2.5595739907124,NA,0.768,0.768,0.768
1.25832902828618,2.57001807223997,NA,0.769,0.769,0.769
1.26384628453435,2.58046543293877,NA,0.77,0.77,0.77
1.26937215987154,2.59091604204595,NA,0.771,0.771,0.771
1.27490659148898,2.6013698691729,NA,0.772,0.772,0.772
1.28044951709087,2.61182688429967,NA,0.773,0.773,0.773
1.28600087489047,2.62228705776955,NA,0.774,0.774,0.774
1.2915606036062,2.63275036028377,NA,0.775,0.775,0.775
1.2971286424578,2.64321676289623,NA,0.776,0.776,0.776
1.30270493116248,2.65368623700834,NA,0.777,0.777,0.777
1.30828940993109,2.66415875436395,NA,0.778,0.778,0.778
1.31388201946426,2.67463428704438,NA,0.779,0.779,0.779
1.31948270094864,2.68511280746353,NA,0.78,0.78,0.78
1.32509139605307,2.69559428836304,NA,0.781,0.781,0.781
1.3307080469248,2.70607870280756,NA,0.782,0.782,0.782
1.33633259618574,2.71656602418013,NA,0.783,0.783,0.783
1.34196498692871,2.72705622617754,NA,0.784,0.784,0.784
1.3476051627137,2.73754928280591,NA,0.785,0.785,0.785
1.35325306756413,2.74804516837619,NA,0.786,0.786,0.786
1.35890864596321,2.75854385749986,NA,0.787,0.787,0.787
1.3645718428502,2.76904532508463,NA,0.788,0.788,0.788
1.37024260361677,2.77954954633024,NA,0.789,0.789,0.789
1.37592087410334,2.79005649672431,NA,0.79,0.79,0.79
1.38160660059549,2.80056615203829,NA,0.791,0.791,0.791
1.38729972982028,2.81107848832345,NA,0.792,0.792,0.792
1.39300020894274,2.82159348190692,NA,0.793,0.793,0.793
1.39870798556223,2.83211110938787,NA,0.794,0.794,0.794
1.40442300770892,2.84263134763365,NA,0.795,0.795,0.795
1.41014522384026,2.85315417377608,NA,0.796,0.796,0.796
1.41587458283745,2.86367956520774,NA,0.797,0.797,0.797
1.42161103400195,2.87420749957836,NA,0.798,0.798,0.798
1.42735452705203,2.88473795479124,NA,0.799,0.799,0.799
1.43310501211929,2.89527090899977,NA,0.8,0.8,0.8
1.43886243974522,2.90580634060394,NA,0.801,0.801,0.801
1.44462676087782,2.91634422824699,NA,0.802,0.802,0.802
1.45039792686821,2.92688455081201,NA,0.803,0.803,0.803
1.4561758894672,2.9374272874187,NA,0.804,0.804,0.804
1.46196060082204,2.94797241742012,NA,0.805,0.805,0.805
1.46775201347299,2.95851992039951,NA,0.806,0.806,0.806
1.4735500803501,2.96906977616715,NA,0.807,0.807,0.807
1.47935475476988,2.97962196475729,NA,0.808,0.808,0.808
1.48516599043203,2.99017646642508,NA,0.809,0.809,0.809
1.49098374141623,3.00073326164365,NA,0.81,0.81,0.81
1.49680796217891,3.01129233110111,NA,0.811,0.811,0.811
1.50263860755004,3.02185365569769,NA,0.812,0.812,0.812
1.50847563272997,3.03241721654288,NA,0.813,0.813,0.813
1.51431899328625,3.04298299495265,NA,0.814,0.814,0.814
1.52016864515056,3.05355097244667,NA,0.815,0.815,0.815
1.52602454461551,3.06412113074559,NA,0.816,0.816,0.816
1.53188664833164,3.07469345176839,NA,0.817,0.817,0.817
1.53775491330428,3.08526791762975,NA,0.818,0.818,0.818
1.54362929689057,3.09584451063742,NA,0.819,0.819,0.819
1.54950975679639,3.10642321328975,NA,0.82,0.82,0.82
1.5553962510734,3.11700400827307,NA,0.821,0.821,0.821
1.56128873811603,3.12758687845933,NA,0.822,0.822,0.822
1.56718717665853,3.1381718069036,NA,0.823,0.823,0.823
1.57309152577206,3.14875877684168,NA,0.824,0.824,0.824
1.57900174486176,3.15934777168775,NA,0.825,0.825,0.825
1.58491779366385,3.16993877503208,NA,0.826,0.826,0.826
1.5908396322428,3.18053177063868,NA,0.827,0.827,0.827
1.59676722098844,3.19112674244308,NA,0.828,0.828,0.828
1.60270052061316,3.20172367455013,NA,0.829,0.829,0.829
1.60863949214912,3.21232255123179,NA,0.83,0.83,0.83
1.61458409694544,3.22292335692497,NA,0.831,0.831,0.831
1.62053429666547,3.23352607622945,NA,0.832,0.832,0.832
1.62649005328404,3.24413069390575,NA,0.833,0.833,0.833
1.63245132908474,3.25473719487309,NA,0.834,0.834,0.834
1.63841808665723,3.26534556420739,NA,0.835,0.835,0.835
1.64439028889459,3.27595578713925,NA,0.836,0.836,0.836
1.65036789899063,3.28656784905196,NA,0.837,0.837,0.837
1.6563508804373,3.29718173547964,NA,0.838,0.838,0.838
1.66233919702205,3.30779743210525,NA,0.839,0.839,0.839
1.66833281282527,3.31841492475878,NA,0.84,0.84,0.84
1.6743316922177,3.32903419941535,NA,0.841,0.841,0.841
1.68033579985792,3.33965524219341,NA,0.842,0.842,0.842
1.68634510068978,3.35027803935294,NA,0.843,0.843,0.843
1.69235955993994,3.3609025772937,NA,0.844,0.844,0.844
1.69837914311536,3.37152884255345,NA,0.845,0.845,0.845
1.70440381600086,3.38215682180626,NA,0.846,0.846,0.846
1.71043354465665,3.39278650186079,NA,0.847,0.847,0.847
1.71646829541594,3.40341786965867,NA,0.848,0.848,0.848
1.72250803488254,3.41405091227281,NA,0.849,0.849,0.849
1.72855272992845,3.42468561690578,NA,0.85,0.85,0.85
1.73460234769152,3.43532197088826,NA,0.851,0.851,0.851
1.74065685557313,3.44595996167742,NA,0.852,0.852,0.852
1.74671622123582,3.4565995768554,NA,0.853,0.853,0.853
1.75278041260105,3.46724080412774,NA,0.854,0.854,0.854
1.75884939784686,3.47788363132194,NA,0.855,0.855,0.855
1.76492314540567,3.48852804638591,NA,0.856,0.856,0.856
1.77100162396199,3.49917403738656,NA,0.857,0.857,0.857
1.77708480245022,3.50982159250831,NA,0.858,0.858,0.858
1.78317265005245,3.52047070005169,NA,0.859,0.859,0.859
1.78926513619627,3.53112134843197,NA,0.86,0.86,0.86
1.7953622305526,3.54177352617773,NA,0.861,0.861,0.861
1.80146390303356,3.5524272219295,NA,0.862,0.862,0.862
1.80757012379032,3.56308242443847,NA,0.863,0.863,0.863
1.81368086321104,3.5737391225651,NA,0.864,0.864,0.864
1.8197960919187,3.58439730527786,NA,0.865,0.865,0.865
1.82591578076913,3.59505696165194,NA,0.866,0.866,0.866
1.83203990084886,3.60571808086795,NA,0.867,0.867,0.867
1.83816842347314,3.61638065221071,NA,0.868,0.868,0.868
1.84430132018392,3.62704466506797,NA,0.869,0.869,0.869
1.85043856274784,3.63771010892926,NA,0.87,0.87,0.87
1.85658012315426,3.64837697338461,NA,0.871,0.871,0.871
1.86272597361326,3.65904524812345,NA,0.872,0.872,0.872
1.86887608655376,3.66971492293338,NA,0.873,0.873,0.873
1.87503043462152,3.68038598769904,NA,0.874,0.874,0.874
1.88118899067729,3.691058432401,NA,0.875,0.875,0.875
1.88735172779487,3.7017322471146,NA,0.876,0.876,0.876
1.89351861925926,3.71240742200889,NA,0.877,0.877,0.877
1.89968963856479,3.7230839473455,NA,0.878,0.878,0.878
1.90586475941328,3.73376181347761,NA,0.879,0.879,0.879
1.91204395571221,3.74444101084885,NA,0.88,0.88,0.88
1.9182272015729,3.75512152999228,NA,0.881,0.881,0.881
1.92441447130874,3.76580336152938,NA,0.882,0.882,0.882
1.9306057394334,3.77648649616897,NA,0.883,0.883,0.883
1.93680098065906,3.78717092470628,NA,0.884,0.884,0.884
1.94300016989466,3.79785663802192,NA,0.885,0.885,0.885
1.94920328224421,3.80854362708091,NA,0.886,0.886,0.886
1.95541029300502,3.81923188293175,NA,0.887,0.887,0.887
1.96162117766604,3.82992139670541,NA,0.888,0.888,0.888
1.96783591190618,3.84061215961445,NA,0.889,0.889,0.889
1.97405447159261,3.85130416295207,NA,0.89,0.89,0.89
1.98027683277913,3.8619973980912,NA,0.891,0.891,0.891
1.98650297170453,3.87269185648362,NA,0.892,0.892,0.892
1.99273286479098,3.88338752965905,NA,0.893,0.893,0.893
1.99896648864238,3.89408440922428,NA,0.894,0.894,0.894
2.00520382004283,3.9047824868623,NA,0.895,0.895,0.895
2.01144483595499,3.91548175433149,NA,0.896,0.896,0.896
2.01768951351858,3.9261822034647,NA,0.897,0.897,0.897
2.02393783004876,3.93688382616851,NA,0.898,0.898,0.898
2.03018976303465,3.94758661442235,NA,0.899,0.899,0.899
2.0364452901378,3.95829056027769,NA,0.9,0.9,0.9
2.04270438919064,3.96899565585729,NA,0.901,0.901,0.901
2.04896703819507,3.97970189335438,NA,0.902,0.902,0.902
2.05523321532089,3.99040926503187,NA,0.903,0.903,0.903
2.06150289890439,4.00111776322162,NA,0.904,0.904,0.904
2.06777606744691,4.01182738032365,NA,0.905,0.905,0.905
2.07405269961333,4.02253810880542,NA,0.906,0.906,0.906
2.08033277423073,4.03324994120107,NA,0.907,0.907,0.907
2.08661627028693,4.0439628701107,NA,0.908,0.908,0.908
2.09290316692909,4.05467688819966,NA,0.909,0.909,0.909
2.09919344346235,4.06539198819785,NA,0.91,0.91,0.91
2.10548707934842,4.07610816289896,NA,0.911,0.911,0.911
2.11178405420428,4.08682540515988,NA,0.912,0.912,0.912
2.11808434780075,4.09754370789991,NA,0.913,0.913,0.913
2.12438794006122,4.10826306410017,NA,0.914,0.914,0.914
2.13069481106032,4.1189834668029,NA,0.915,0.915,0.915
2.13700494102257,4.1297049091108,NA,0.916,0.916,0.916
2.14331831032112,4.14042738418638,NA,0.917,0.917,0.917
2.14963489947645,4.15115088525134,NA,0.918,0.918,0.918
2.15595468915509,4.16187540558594,NA,0.919,0.919,0.919
2.16227766016838,4.17260093852833,NA,0.92,0.92,0.92
2.16860379347119,4.183327477474,NA,0.921,0.921,0.921
2.17493307016069,4.19405501587513,NA,0.922,0.922,0.922
2.18126547147515,4.20478354723998,NA,0.923,0.923,0.923
2.18760097879267,4.21551306513234,NA,0.924,0.924,0.924
2.19393957363003,4.22624356317092,NA,0.925,0.925,0.925
2.20028123764147,4.23697503502875,NA,0.926,0.926,0.926
2.20662595261749,4.24770747443265,NA,0.927,0.927,0.927
2.21297370048371,4.25844087516265,NA,0.928,0.928,0.928
2.21932446329972,4.26917523105141,NA,0.929,0.929,0.929
2.22567822325786,4.27991053598372,NA,0.93,0.93,0.93
2.23203496268218,4.29064678389589,NA,0.931,0.931,0.931
2.23839466402722,4.30138396877529,NA,0.932,0.932,0.932
2.24475730987697,4.31212208465975,NA,0.933,0.933,0.933
2.25112288294368,4.32286112563709,NA,0.934,0.934,0.934
2.25749136606684,4.33360108584456,NA,0.935,0.935,0.935
2.26386274221206,4.34434195946837,NA,0.936,0.936,0.936
2.27023699446997,4.35508374074314,NA,0.937,0.937,0.937
2.27661410605521,4.36582642395146,NA,0.938,0.938,0.938
2.28299406030532,4.37657000342334,NA,0.939,0.939,0.939
2.28937684067971,4.38731447353576,NA,0.94,0.94,0.94
2.29576243075863,4.39805982871217,NA,0.941,0.941,0.941
2.30215081424214,4.40880606342204,NA,0.942,0.942,0.942
2.30854197494909,4.41955317218036,NA,0.943,0.943,0.943
2.31493589681611,4.4303011495472,NA,0.944,0.944,0.944
2.32133256389661,4.44104999012724,NA,0.945,0.945,0.945
2.32773196035979,4.45179968856933,NA,0.946,0.946,0.946
2.33413407048967,4.46255023956604,NA,0.947,0.947,0.947
2.3405388786841,4.47330163785321,NA,0.948,0.948,0.948
2.3469463694538,4.48405387820951,NA,0.949,0.949,0.949
2.35335652742144,4.49480695545604,NA,0.95,0.95,0.95
2.35976933732064,4.50556086445586,NA,0.951,0.951,0.951
2.36618478399508,4.51631560011361,NA,0.952,0.952,0.952
2.37260285239754,4.52707115737508,NA,0.953,0.953,0.953
2.379023527589,4.53782753122679,NA,0.954,0.954,0.954
2.38544679473774,4.54858471669558,NA,0.955,0.955,0.955
2.3918726391184,4.55934270884824,NA,0.956,0.956,0.956
2.39830104611113,4.57010150279109,NA,0.957,0.957,0.957
2.40473200120068,4.58086109366958,NA,0.958,0.958,0.958
2.41116548997553,4.59162147666792,NA,0.959,0.959,0.959
2.41760149812701,4.60238264700871,NA,0.96,0.96,0.96
2.42404001144846,4.61314459995253,NA,0.961,0.961,0.961
2.43048101583437,4.62390733079758,NA,0.962,0.962,0.962
2.43692449727951,4.63467083487932,NA,0.963,0.963,0.963
2.44337044187813,4.6454351075701,NA,0.964,0.964,0.964
2.44981883582312,4.65620014427879,NA,0.965,0.965,0.965
2.45626966540517,4.66696594045043,NA,0.966,0.966,0.966
2.46272291701199,4.67773249156588,NA,0.967,0.967,0.967
2.46917857712744,4.68849979314149,NA,0.968,0.968,0.968
2.47563663233083,4.6992678407287,NA,0.969,0.969,0.969
2.48209706929603,4.71003662991376,NA,0.97,0.97,0.97
2.48855987479074,4.72080615631737,NA,0.971,0.971,0.971
2.49502503567571,4.73157641559433,NA,0.972,0.972,0.972
2.50149253890395,4.74234740343325,NA,0.973,0.973,0.973
2.50796237151997,4.7531191155562,NA,0.974,0.974,0.974
2.51443452065905,4.76389154771836,NA,0.975,0.975,0.975
2.52090897354646,4.77466469570779,NA,0.976,0.976,0.976
2.52738571749674,4.78543855534501,NA,0.977,0.977,0.977
2.53386473991295,4.79621312248276,NA,0.978,0.978,0.978
2.54034602828594,4.80698839300569,NA,0.979,0.979,0.979
2.54682957019364,4.81776436283002,NA,0.98,0.98,0.98
2.55331535330035,4.82854102790326,NA,0.981,0.981,0.981
2.55980336535601,4.83931838420393,NA,0.982,0.982,0.982
2.56629359419552,4.85009642774122,NA,0.983,0.983,0.983
2.57278602773802,4.86087515455477,NA,0.984,0.984,0.984
2.57928065398622,4.87165456071431,NA,0.985,0.985,0.985
2.58577746102571,4.88243464231943,NA,0.986,0.986,0.986
2.5922764370243,4.89321539549927,NA,0.987,0.987,0.987
2.59877757023131,4.90399681641226,NA,0.988,0.988,0.988
2.60528084897696,4.91477890124584,NA,0.989,0.989,0.989
2.61178626167164,4.92556164621617,NA,0.99,0.99,0.99
2.61829379680534,4.9363450475679,NA,0.991,0.991,0.991
2.62480344294694,4.94712910157388,NA,0.992,0.992,0.992
2.6313151887436,4.95791380453489,NA,0.993,0.993,0.993
2.63782902292013,4.96869915277941,NA,0.994,0.994,0.994
2.64434493427831,4.97948514266334,NA,0.995,0.995,0.995
2.65086291169636,4.99027177056975,NA,0.996,0.996,0.996
2.65738294412822,5.00105903290863,NA,0.997,0.997,0.997
2.66390502060302,5.01184692611666,NA,0.998,0.998,0.998
2.67042913022442,5.02263544665693,NA,0.999,0.999,0.999
2.67695526217005,5.03342459101872,NA,1,1,1
