"pmc.samp.1","pmc.samp.2","pqmc.samp.1","pqmc.samp.2"
0.374709237851534,0.80235623369017,0.5,0.5
0.536728664844417,0.577968647282286,0.634897950039216,0.365102049960784
0.332874277517991,0.375751883891639,0.365102049960784,0.634897950039216
0.819056160427558,0.0570600225645,0.436272127207125,0.436272127207125
0.565901554363072,0.724986183628622,0.730069876075202,0.730069876075202
0.335906323176397,0.491013278196954,0.563727872792875,0.269930123924798
0.597485810485697,0.496761947380211,0.269930123924798,0.563727872792875
0.647664941025843,0.68876724213706,0.322570688196225,0.402244717777066
0.615156270330699,0.664244239019618,0.597755282222934,0.677429311803775
0.438922322568729,0.618780264243502,0.806824108870509,0.193175891129491
0.933795474321644,0.521735910305809,0.75,0.25
0.906427260146213,0.229442454531401,0.884897950039216,0.115102049960784
0.764912996673038,0.327534322311874,0.615102049960784,0.384897950039216
0.352129660827325,0.239238991883419,0.686272127207125,0.186272127207125
0.873965149578942,-0.0254119113657214,0.980069876075202,0.480069876075202
0.7387742520942,0.167001087340064,0.813727872792875,0.0199301239247984
0.718840898658934,0.17114200925793,0.519930123924798,0.313727872792875
0.455849523220145,0.238137320657763,0.572570688196225,0.152244717777066
0.654369988978276,0.470005074396777,0.847755282222934,0.427429311803775
0.833588312039941,0.402635149691509,1.05682410887051,-0.0568241088705092
0.217095280749283,0.829621176073414,0.25,0.75
0.199327663972698,0.627594721349846,0.384897950039216,0.615102049960784
0.389392675080947,0.818223938284885,0.115102049960784,0.884897950039216
0.361332639734731,0.524127380783841,0.186272127207125,0.686272127207125
0.112248861090096,1.03660474034021,0.480069876075202,0.980069876075202
0.108500968607576,1.14607997970117,0.313727872792875,0.519930123924798
0.322916392427366,0.676555704706698,0.0199301239247984,0.813727872792875
0.403706584903083,0.541173074736694,0.0725706881962248,0.652244717777066
0.227530757569954,0.863943925488483,0.347755282222934,0.927429311803775
0.426221545290843,0.722989079223835,0.556824108870509,0.443175891129491
0.855323552100955,0.470101905779932,0.375,0.375
0.367151999453366,0.233010713815637,0.509897950039216,0.240102049960784
0.512947872490155,0.497145270697811,0.240102049960784,0.509897950039216
0.380600431756133,0.18818047367115,0.311272127207125,0.311272127207125
0.226345358223519,0.12427331995218,0.605069876075202,0.605069876075202
0.412758459902869,0.433289247103493,0.438727872792875,0.144930123924798
0.0140082742217924,0.286341625356313,0.144930123924798,0.438727872792875
0.668110972312577,0.375221070326325,0.197570688196225,0.277244717777066
0.40565066764238,0.389868264830333,0.472755282222934,0.552429311803775
0.809522334072431,0.257095810762386,0.681824108870509,0.0681758911294908
0.7612662534363,0.76649599380167,0.875,0.875
0.847964276975234,1.11657356119663,1.00989795003922,0.740102049960784
1.11061739931464,1.10708052313899,0.740102049960784,1.00989795003922
0.570286639914048,1.015042729903,0.811272127207125,0.811272127207125
0.993789237525684,1.19236669090817,1.1050698760752,1.1050698760752
0.941590074242704,0.986697285113061,0.938727872792875,0.644930123924798
1.08761996745527,0.619681558308393,0.644930123924798,0.938727872792875
0.81416321527314,0.760346917152623,0.697570688196225,0.777244717777066
0.949003761983258,0.630077477020329,0.972755282222934,1.05242931180378
0.928419758154446,0.780319872712138,1.18182410887051,0.568175891129491
0.500926664555175,-0.00214729078979542,0.625,0.125
0.633423174628847,0.0326710539278868,0.759897950039216,-0.00989795003921634
0.442815670289511,0.411456447708333,0.490102049960784,0.259897950039216
0.656605754480815,-0.00513927066207334,0.561272127207125,0.061272127207125
0.494083071216236,0.0835238512796069,0.855069876075202,0.355069876075202
0.978457453874529,0.0464384141116032,0.688727872792875,-0.105069876075202
0.768341495203441,0.0610014262902986,0.394930123924798,0.188727872792875
0.807034845899046,0.0691773394046882,0.447570688196225,0.0272447177770661
0.701837071565269,0.223837666253565,0.722755282222934,0.302429311803775
0.961435216103884,0.0895339035460787,0.931824108870509,-0.181824108870509
0.0238085075771485,0.637032088086903,0.125,0.625
0.393607765034082,0.507221102748067,0.259897950039216,0.490102049960784
0.0820841182906263,0.731299238526514,-0.00989795003921634,0.759897950039216
0.0890886939913226,0.321321183642643,0.061272127207125,0.561272127207125
0.104961851757288,0.686311572157953,0.355069876075202,0.855069876075202
0.267533261410281,0.317710035292483,0.188727872792875,0.394930123924798
0.110287119174735,0.564804774632678,-0.105069876075202,0.688727872792875
0.11747316570659,0.519344019110999,-0.0524293118037752,0.527244717777066
-0.0113320957511314,0.4945810438638,0.222755282222934,0.802429311803775
0.0601459455507362,0.613620644430521,0.431824108870509,0.318175891129491
-0.195371885136002,0.402537420254531,0.1875,0.3125
0.422816662403713,0.308788033457072,0.322397950039216,0.177602049960784
-0.145494487242401,0.248886325091231,0.0526020499607837,0.447397950039216
0.0947939197055229,0.12662757050926,0.123772127207125,0.248772127207125
-0.0356840210085691,0.015007937971703,0.417569876075202,0.542569876075202
0.0373361997613104,0.0974615406768638,0.251227872792875,0.0824301239247984
0.604933309125669,0.512505760742783,-0.0425698760752016,0.376227872792875
0.19097912393865,0.188246661040635,0.0100706881962248,0.214744717777066
-0.0697601060868651,0.0356146305231017,0.285255282222934,0.489929311803775
-0.140621106883716,0.686358124484716,0.494324108870509,0.0056758911294908
0.77252007547449,1.27409567981187,0.6875,0.8125
0.639770579817393,0.833660473578742,0.822397950039216,0.677602049960784
0.899196609741804,0.903899761084683,0.552602049960784,0.947397950039216
0.864784530274987,0.797069412928694,0.623772127207125,0.748772127207125
0.563651390353771,0.745699831526691,0.917569876075202,1.0425698760752
1.12872049290809,0.805554794337745,0.751227872792875,0.582430123924798
0.636494593971797,0.970027921126032,0.457430123924798,0.876227872792875
0.402601069957438,1.22754900173046,0.510070688196225,0.714744717777066
0.658620079609156,1.01797848775275,0.785255282222934,0.989929311803775
0.729007667846469,1.05408167967734,0.994324108870509,0.505675891129491
0.691235315688391,0.0270792077126919,0.9375,0.0625
1.13427911401068,0.142902355897268,1.07239795003922,-0.0723979500392163
0.98148496073213,-0.0838496346239213,0.802602049960784,0.197397950039216
0.644049994181551,0.228574633596335,0.873772127207125,-0.00122787279287503
1.04170454852963,-0.179116557260893,1.1675698760752,0.292569876075202
0.905749079056797,-0.147096882561548,1.00122787279287,-0.167569876075202
1.23041746239396,0.350731541368856,0.707430123924798,0.126227872792875
0.784283600079067,-0.14066949306093,0.760070688196225,-0.0352552822229339
0.851457649214291,0.144894942463503,1.03525528222293,0.239929311803775
0.752278100524512,-0.0137152102217839,1.24432410887051,-0.244324108870509
0.519380367930187,0.529624833646066,0.4375,0.5625
0.775274657240809,0.646638928650903,0.572397950039216,0.427602049960784
0.754817686688394,0.482450651204471,0.302602049960784,0.697397950039216
0.371318439863447,0.288458424490508,0.373772127207125,0.498772127207125
-0.0195471070584934,0.760067653490976,0.667569876075202,0.792569876075202
0.937032317966833,0.866449005099909,0.501227872792875,0.332430123924798
0.570913233353099,0.500751886154877,0.207430123924798,0.626227872792875
0.54576546719274,0.311842048878462,0.260070688196225,0.464744717777066
0.434820095370818,0.690948261135565,0.535255282222934,0.739929311803775
0.539521684590585,0.553558172621204,0.744324108870509,0.255675891129491
-0.0341436813649676,-0.00966534008185815,0.3125,0.1875
0.312926371936054,-0.390284134335909,0.447397950039216,0.0526020499607837
0.186439933214371,0.059403659486977,0.177602049960784,0.322397950039216
0.244306284027919,0.301601527184097,0.248772127207125,0.123772127207125
0.0811855274728293,0.175555344791478,0.542569876075202,0.417569876075202
0.673128381583493,0.167864251198953,0.376227872792875,-0.0425698760752016
0.246273592721756,0.299664145724023,0.0824301239247984,0.251227872792875
-0.00860268245061552,-0.0497917277158948,0.135070688196225,0.0897447177770661
0.351938687747896,0.406855408854849,0.410255282222934,0.364929311803775
0.365135129281095,0.186431194344367,0.619324108870509,-0.119324108870509
0.953962133479616,0.714744378620556,0.8125,0.6875
1.01932154694749,0.768933520684767,0.947397950039216,0.552602049960784
0.857196082983061,0.673569037397419,0.677602049960784,0.822397950039216
0.636758477426796,0.637967131676134,0.748772127207125,0.623772127207125
1.04509291119347,0.826610161323928,1.0425698760752,0.917569876075202
0.412467011042905,0.91674567144316,0.876227872792875,0.457430123924798
0.703541851999655,0.206880757021626,0.582430123924798,0.751227872792875
0.761365858168602,0.802047911049168,0.635070688196225,0.589744717777066
0.779275792646999,0.762444881355731,0.910255282222934,0.864929311803775
1.01659278175682,0.602446455688785,1.11932410887051,0.380675891129491
0.752702561515363,0.385713483376243,0.5625,0.4375
0.484652563656324,0.516375833644314,0.697397950039216,0.302602049960784
0.505633867640085,0.267128581595227,0.427602049960784,0.572397950039216
0.733981955615961,0.967333376218976,0.498772127207125,0.373772127207125
0.90642545982412,0.468702335133016,0.792569876075202,0.667569876075202
0.616510980187446,0.663541453490988,0.626227872792875,0.207430123924798
0.478063198042472,-0.0203247959680211,0.332430123924798,0.501227872792875
0.324677341028083,0.585700231439088,0.385070688196225,0.339744717777066
0.496293404224198,0.174250967909688,0.660255282222934,0.614929311803775
0.374534134697996,0.621460735521828,0.869324108870509,0.130675891129491
0.142126031090391,0.859476267189264,0.0625,0.9375
-0.0190057158539544,1.01277405835493,0.197397950039216,0.802602049960784
0.327351726035455,0.986332984897299,-0.0723979500392163,1.07239795003922
-0.0777463338493839,0.652248531523492,-0.00122787279287503,0.873772127207125
-0.0536228608481072,1.29318585749509,0.292569876075202,1.1675698760752
-0.137714436205084,0.964389532186735,0.126227872792875,0.707430123924798
-0.0711357213506787,1.09061979983157,-0.167569876075202,1.00122787279287
0.251536990674616,1.1285273353818,-0.114929311803775,0.839744717777066
0.149240429909032,0.927386859711546,0.160255282222934,1.11492931180378
0.263531843535409,0.876336916046606,0.369324108870509,0.630675891129491
0.272484740485103,0.677472491671237,0.09375,0.46875
-0.115709629812259,0.48856569737944,0.228647950039216,0.333852049960784
0.48801747724483,0.377922618169128,-0.0411479500392163,0.603647950039216
0.0170235787423276,0.337593629509912,0.030022127207125,0.405022127207125
0.424579060454998,0.461565515475498,0.323819876075202,0.698819876075202
0.396192538790126,0.682582292135359,0.157477872792875,0.238680123924798
0.110343146717183,0.371955013939745,-0.136319876075202,0.532477872792875
0.2071941829703,0.444547977734511,-0.0836793118037752,0.370994717777066
-0.111159695906892,0.209921999235832,0.191505282222934,0.646179311803775
0.158351300604487,0.567612567202971,0.400574108870509,0.161925891129491
0.855330304022829,0.903329797069379,0.59375,0.96875
0.893158201880557,0.65493356297121,0.728647950039216,0.833852049960784
0.756690546179471,0.895259848765904,0.458852049960784,1.10364795003922
0.219792241959477,1.24163698581397,0.530022127207125,0.905022127207125
0.690155900824752,0.901893727053767,0.823819876075202,1.1988198760752
0.68497712066024,1.11530000844182,0.657477872792875,0.738680123924798
0.523069942834018,1.15806712803956,0.363680123924798,1.03247787279287
0.627847894189596,0.969629740865275,0.416320688196225,0.870994717777066
0.420942809174619,0.89828553889003,0.691505282222934,1.14617931180378
0.729596154803131,0.862810898173299,0.900574108870509,0.661925891129491
0.991667845114959,0.513526236221828,0.84375,0.21875
0.631058516903438,0.3542036984626,0.978647950039216,0.0838520499607837
0.89299216870728,0.294742537313349,0.708852049960784,0.353647950039216
0.785850126687138,0.180190314708533,0.780022127207125,0.155022127207125
0.390772128702411,0.53432835898088,1.0738198760752,0.448819876075202
0.561979908785361,0.337996821863691,0.907477872792875,-0.0113198760752016
1.02695386575851,-0.0159653881742719,0.613680123924798,0.282477872792875
0.80549420989296,0.187621493021936,0.666320688196225,0.120994717777066
1.00440664322673,-0.165031964053968,0.941505282222934,0.396179311803775
1.22124489266172,0.179698230777873,1.15057410887051,-0.0880741088705092
-0.174715533989197,0.64100555113242,0.34375,0.71875
0.606550433439611,0.774332826490109,0.478647950039216,0.583852049960784
0.216641399793573,0.554133775685595,0.208852049960784,0.853647950039216
0.257754232261162,0.704981813104307,0.280022127207125,0.655022127207125
0.309886333539607,0.48521753477404,0.573819876075202,0.948819876075202
0.466193634797826,0.717088197156879,0.407477872792875,0.488680123924798
0.47941803544454,0.744521080319481,0.113680123924798,0.782477872792875
0.457340394494334,0.6895748743078,0.166320688196225,0.620994717777066
0.229241479214775,0.685967808652786,0.441505282222934,0.896179311803775
0.0710917487443319,1.07146040055698,0.650574108870509,0.411925891129491
0.621267302483664,0.35855086425992,0.46875,0.09375
0.691036216146127,0.216877369860535,0.603647950039216,-0.0411479500392163
0.284108609434034,0.312083791107072,0.333852049960784,0.228647950039216
0.501618367685591,0.155070972302726,0.405022127207125,0.030022127207125
0.699715037419455,0.0717182475034287,0.698819876075202,0.323819876075202
0.457445715094702,-0.0911125546254568,0.532477872792875,-0.136319876075202
0.0428778703530697,0.412332750743839,0.238680123924798,0.157477872792875
0.537719152419891,0.102752119624376,0.291320688196225,-0.00400528222293389
0.0877589108828941,-0.0492756801335765,0.566505282222934,0.271179311803775
0.306515969371957,0.266794619943428,0.775574108870509,-0.213074108870509
0.736529714088868,1.04736083161495,0.792569876075202,0.667569876075202
0.944670505707443,0.618272687982647,0.910679983524052,0.549459768626351
1.03911770458017,0.747333402421506,0.674459768626351,0.785679983524052
0.659741054668354,0.408453170079436,0.736772839123454,0.611772839123454
0.712545972045483,0.874291511516443,0.99400790961156,0.86900790961156
0.918887333372743,1.08281627679298,0.848366913026949,0.466131842538843
1.01771406058073,0.432890787731679,0.591131842538843,0.723366913026949
0.763930297655544,0.604433214512273,0.637221369477234,0.581980088508475
0.528164525795418,0.63211153040251,0.878159663641928,0.822918382673169
1.15598742169332,0.624120638438391,1.0612101960805,0.398929556069905
-0.134172378638487,0.590705943665319,0.323819876075202,0.698819876075202
0.372677452334684,1.03199472866694,0.441929983524052,0.580709768626351
-0.0338748875080459,0.673820549438635,0.205709768626351,0.816929983524052
0.26748521262945,0.848035490391343,0.268022839123454,0.643022839123454
0.391081684690161,0.718505072320042,0.52525790961156,0.90025790961156
0.232845656188175,0.0758627718871404,0.379616913026949,0.497381842538843
0.450886418979808,0.40425010540544,0.122381842538843,0.754616913026949
0.267341726301472,0.592652039642274,0.168471369477234,0.613230088508475
0.14295265036797,0.724833224420348,0.409409663641928,0.854168382673169
0.401756623492031,0.208927867599445,0.592460196080498,0.430179556069905
0.459872588086424,0.227102618362499,0.869324108870509,0.130675891129491
0.146648114639393,0.750783735655935,0.98743421631936,0.0125657836806405
0.116957805537698,0.566859369842104,0.751214001421659,0.248785998578341
-0.0435890570985681,0.436809642106402,0.813527071918762,0.0748788541777434
-0.0232454861899304,0.318686925200121,1.07076214240687,0.33211392466585
0.278799628621163,0.373582191703535,0.925121145822257,-0.0707621424068681
0.36940714274506,0.176528810238958,0.66788607533415,0.186472928081238
-0.152043330546579,0.443313465883933,0.713975602272542,0.0450861035627644
0.0666608655204142,0.613752827309624,0.954913896437236,0.286024397727458
0.374687605860799,0.534396017309139,1.13796442887581,-0.137964428875806
0.0951053809283442,0.633522042203456,0.530022127207125,0.905022127207125
-0.0660211375835553,0.475618985880634,0.648132234655975,0.786912019758275
0.235823092363514,0.601497716385582,0.411912019758275,1.02313223465598
0.345932106444558,0.632557058588653,0.474225090255378,0.849225090255378
0.527953028222882,1.17509267826213,0.731460160743484,1.10646016074348
-0.00596766464555032,1.1942880882443,0.585819164158872,0.703584093670766
0.330631150782652,0.671641157207452,0.328584093670766,0.960819164158872
0.304454199278866,0.49624832529193,0.374673620609158,0.819432339640399
0.496545284512973,0.310394826289372,0.615611914773851,1.06037063380509
0.252172237835247,0.807916139791913,0.798662447212421,0.636381807201828
0.633342932467319,0.160355567010888,0.822397950039216,0.677602049960784
1.30838951432316,0.0855212140321787,0.940508057488067,0.559491942511933
0.674334134682699,-0.0917535056230309,0.704287842590366,0.795712157409634
0.873678935163435,0.147153480148283,0.766600913087469,0.621805013009036
1.61351298535642,0.343215149675376,1.02383598357558,0.879040083497143
0.62967564962564,0.46368843324425,0.878194986990964,0.476164016424425
0.912970974098581,-0.129647311722331,0.620959916502857,0.733399086912531
0.630078754769258,0.0949727558550391,0.667049443441249,0.592012262394057
0.920988378978683,0.376779847834613,0.907987737605943,0.832950556558751
0.676804742201882,-0.0779495271052164,1.09103827004451,0.408961729955487
-0.199184168398121,0.119329114891982,0.780022127207125,0.155022127207125
0.119335457669294,0.324927949031281,0.898132234655975,0.0369120197582747
0.113068077784844,0.0898247062865365,0.661912019758275,0.273132234655975
0.316013687837516,0.308395915717594,0.724225090255378,0.0992250902553775
0.22576861067235,0.257248585447722,0.981460160743484,0.356460160743484
0.352815195020883,-0.0701095092842909,0.835819164158872,-0.0464159063292339
0.222041487786607,0.237949308619637,0.578584093670766,0.210819164158872
0.381339648311016,0.502837353043957,0.624673620609158,0.0694323396403985
0.233314814372554,0.403074604583328,0.865611914773851,0.310370633805092
0.544536258676169,0.295444146120938,1.04866244721242,-0.113618192798172
0.612994360471707,0.0612113217789747,0.457430123924798,0.876227872792875
1.08530337977211,0.21592204847272,0.575540231373649,0.758117765344025
0.867297991003365,0.247591165383414,0.339320016475948,0.994337980241725
0.761102898660555,0.148616422529251,0.401633086973051,0.820430835841128
1.17986329177445,0.408584736914839,0.658868157461157,1.07766590632923
0.697539184894387,0.131728542495872,0.513227160876546,0.674789839256516
0.91212984136586,0.00483572679996222,0.25599209038844,0.932024909744622
1.10780513345099,0.252360168767771,0.302081617326831,0.790638085226149
0.971902208248376,-0.295461522007281,0.543019911491525,1.03157637939084
0.790053196306923,0.223289691223185,0.726070443930095,0.607587552787579
0.511859201527649,0.673672863212158,0.8125,0.6875
0.367492067956924,0.912233945773716,0.93061010744885,0.56938989255115
0.189038377976528,1.0569935315291,0.69438989255115,0.80561010744885
0.333468090380129,0.7992492663252,0.756702963048253,0.631702963048253
0.722433079490166,0.795400083159402,1.01393803353636,0.888938033536359
0.263764115083172,1.13607371444322,0.868297036951747,0.486061966463641
-0.0538754125030097,0.867243736027101,0.611061966463641,0.743297036951747
0.574916099484748,0.884765328778511,0.657151493402033,0.601910212433274
0.312204879602635,0.791590021296145,0.898089787566726,0.842848506597967
0.310289697852434,1.09683259856321,1.0811403200053,0.418859679994704
0.652618923361046,-0.130408900282664,0.280022127207125,0.655022127207125
1.02130772639036,0.178430929357456,0.398132234655975,0.536912019758275
1.01259810700958,0.461820758295446,0.161912019758275,0.773132234655975
0.757937462016047,0.480472733058753,0.224225090255378,0.599225090255378
1.02114171195896,0.242554282142494,0.481460160743484,0.856460160743484
1.04881162193349,0.320629594975568,0.335819164158872,0.453584093670766
0.966581706918163,0.115919967657527,0.0785840936707661,0.710819164158872
1.25642605829792,0.238689294478345,0.124673620609158,0.569432339640399
0.458987010969283,0.2201420378894,0.365611914773851,0.810370633805092
0.618473463086773,-0.00731311254779313,0.548662447212421,0.386381807201828
0.21382575373493,0.609259095743676,0.884897950039216,0.115102049960784
0.245516487603599,0.977957398518154,1.00300805748807,-0.00300805748806661
0.551253903719707,0.783134034134517,0.766787842590366,0.233212157409634
0.0650870025454441,0.785910762764098,0.829100913087469,0.0593050130090362
-0.150382289075629,0.650137820527661,1.08633598357558,0.316540083497143
0.426140384125982,0.45012572101069,0.940694986990964,-0.0863359835755752
0.109252616334406,0.378147060800078,0.683459916502857,0.170899086912531
0.185263355852988,0.632795362959918,0.729549443441249,0.0295122623940572
0.453425746741664,1.07781633722581,0.970487737605943,0.270450556558751
0.119867487575439,0.721813254913961,1.15353827004451,-0.153538270044513
0.884332231063568,0.0937928667582338,0.8125,0.6875
0.917982370984293,-0.212492677555011,0.93061010744885,0.56938989255115
0.774416049396005,0.501827505668455,0.69438989255115,0.80561010744885
0.571706843902712,0.49761221201268,0.756702963048253,0.631702963048253
1.38660580838465,0.282814986850322,1.01393803353636,0.888938033536359
0.766720431477894,-0.0752531864212815,0.868297036951747,0.486061966463641
0.791737346827678,0.287796813843065,0.611061966463641,0.743297036951747
0.492989303843696,0.0956008790766987,0.657151493402033,0.601910212433274
0.801856004200671,0.080937709278062,0.898089787566726,0.842848506597967
0.80199686553937,0.417423801054443,1.0811403200053,0.418859679994704
0.0773398744308298,0.190027755625565,0.441505282222934,0.896179311803775
0.220672545877271,0.608458719366269,0.559615389671784,0.778069204354925
0.176677392614373,0.819162343676745,0.323395174774084,1.01428941925263
0.326866793802724,0.544748227408873,0.385708245271186,0.840382274852028
0.00834360948536833,0.669275180193401,0.642943315759293,1.09761734534013
0.182249738461708,0.357898444401317,0.497302319174681,0.694741278267416
0.466102810208899,0.846114264156252,0.240067248686575,0.951976348755523
0.415959373711988,0.306477934974576,0.286156775624967,0.810589524237049
0.128135931146508,0.611825578368635,0.52709506978966,1.05152781840174
0.434759938521033,0.625506082206064,0.71014560222823,0.627538991798479
0.863641894675641,0.211090212462345,0.806824108870509,0.193175891129491
0.686759323410515,0.340160437058777,0.92493421631936,0.0750657836806405
1.2174037461815,-0.0237730336162441,0.688714001421659,0.311285998578341
0.56547440605799,-0.0492210385090796,0.751027071918762,0.137378854177743
0.902285077815208,-0.209411327265083,1.00826214240687,0.39461392466585
0.263502910147094,0.0804008741343133,0.862621145822257,-0.00826214240686807
0.851940811002986,-0.122865206007397,0.60538607533415,0.248972928081238
0.953390763466678,0.282526148092714,0.651475602272542,0.107586103562764
0.634513648991498,0.159151072913619,0.892413896437236,0.348524397727458
0.992424244589804,0.582845414319339,1.07546442887581,-0.0754644288758057
0.57549332603875,0.284747404045813,0.822397950039216,0.677602049960784
1.04337245871751,-0.170617537096887,0.940508057488067,0.559491942511933
0.70156117357741,0.11250474644163,0.704287842590366,0.795712157409634
0.515709243636894,0.0977947453624737,0.766600913087469,0.621805013009036
0.921628319997679,-0.143972678805908,1.02383598357558,0.879040083497143
0.520359304964604,-0.0165473427356677,0.878194986990964,0.476164016424425
0.595997842193746,-0.0620585559495811,0.620959916502857,0.733399086912531
0.660412470414655,0.261056204776211,0.667049443441249,0.592012262394057
0.849216298749305,0.380387866625132,0.907987737605943,0.832950556558751
0.607250700486843,-0.138981947352961,1.09103827004451,0.408961729955487
0.509030874135415,0.535042058183239,0.302602049960784,0.697397950039216
0.307827206224928,1.07087010760234,0.420712157409634,0.579287842590366
-0.070522677382826,0.658555968577148,0.184491942511933,0.815508057488067
0.171735663898327,0.673752254320313,0.246805013009036,0.641600913087469
0.415146224528719,0.451864317284667,0.504040083497143,0.898835983575575
0.35193771863694,0.407729680031457,0.358399086912531,0.495959916502857
-0.165545871788918,0.371924550494281,0.101164016424425,0.753194986990964
0.438980129517681,0.592162062630263,0.147253543362817,0.61180816247249
0.453926792124715,0.948740597522895,0.38819183752751,0.852746456637184
0.262014624975482,1.02731467377367,0.57124236996608,0.42875763003392
0.542914426085332,0.783836000041569,0.792569876075202,0.667569876075202
0.488592593204324,0.530185749563056,0.910679983524052,0.549459768626351
0.181722228926053,1.03467967923866,0.674459768626351,0.785679983524052
-0.0155885479213663,0.670290351586573,0.736772839123454,0.611772839123454
0.163678943186761,0.490857050148277,0.99400790961156,0.86900790961156
-0.253248576039675,0.7000997736005,0.848366913026949,0.466131842538843
0.166482904526097,0.382247902888147,0.591131842538843,0.723366913026949
0.561217220143918,0.85872361521105,0.637221369477234,0.581980088508475
0.255432099336278,0.78628148572566,0.878159663641928,0.822918382673169
0.448419215752692,0.615011542723389,1.0612101960805,0.398929556069905
0.146620506509681,-0.147428987634498,0.530022127207125,0.905022127207125
0.431565073486459,0.034527255100453,0.648132234655975,0.786912019758275
0.0318246067434905,0.558156568419636,0.411912019758275,1.02313223465598
0.0475421096870413,0.439760708018839,0.474225090255378,0.849225090255378
0.329155859431935,0.108188993612435,0.731460160743484,1.10646016074348
0.154043587917392,0.0324427901800754,0.585819164158872,0.703584093670766
0.429323243372699,0.508334605047243,0.328584093670766,0.960819164158872
0.204582122065456,0.139246235251486,0.374673620609158,0.819432339640399
0.483276487407998,0.661946622907732,0.615611914773851,1.06037063380509
0.343415225063949,0.655909919259978,0.798662447212421,0.636381807201828
-0.0466319899325592,0.299345280934018,0.869324108870509,0.130675891129491
0.0751754215127916,0.425536978426056,0.98743421631936,0.0125657836806405
-0.00578964783691735,0.0453537787912564,0.751214001421659,0.248785998578341
0.377763897608754,0.276749261908887,0.813527071918762,0.0748788541777434
-0.0138476534996071,0.336749858084451,1.07076214240687,0.33211392466585
-0.162694423665862,0.64015628607864,0.925121145822257,-0.0707621424068681
0.648575682926422,0.430028070625484,0.66788607533415,0.186472928081238
0.445500981550353,0.558048133653939,0.713975602272542,0.0450861035627644
0.407731004272919,0.329710921893574,0.954913896437236,0.286024397727458
0.11150862731247,0.0791009905479831,1.13796442887581,-0.137964428875806
0.783522254821911,-0.00707418900801571,0.191505282222934,0.646179311803775
0.518504721361796,0.37468676310931,0.309615389671784,0.528069204354925
1.03722800155834,-0.0236003093238471,0.0733951747740836,0.764289419252626
1.13482301615745,0.223177610542057,0.135708245271186,0.590382274852028
0.838913493688888,0.323170390927231,0.392943315759293,0.847617345340134
0.655277181994716,-0.122156800047362,0.247302319174681,0.444741278267416
1.06888769946169,0.22451963803049,-0.00993275131342497,0.701976348755523
0.879323054526428,0.122577581873738,0.0361567756249667,0.560589524237049
0.774203229679534,0.28004372579196,0.27709506978966,0.801527818401742
1.07617473385029,-0.0128246446123405,0.46014560222823,0.377538991798479
0.240356965449664,0.487600049708821,0.8125,0.6875
0.53421103381232,0.339765210575024,0.93061010744885,0.56938989255115
0.291452265022768,0.90403817456282,0.69438989255115,0.80561010744885
0.422392421916186,0.702609456818159,0.756702963048253,0.631702963048253
0.213575312737874,0.585056134153985,1.01393803353636,0.888938033536359
0.0518759013182202,0.669392215783886,0.868297036951747,0.486061966463641
0.255569094091737,0.619785544743847,0.611061966463641,0.743297036951747
0.0127560011730078,0.904313568395321,0.657151493402033,0.601910212433274
-0.261468045428832,0.850513954804613,0.898089787566726,0.842848506597967
0.49157875065946,0.359655693931606,1.0811403200053,0.418859679994704
0.844511957411971,0.0137137113494049,0.504040083497143,0.898835983575575
1.07158116730192,0.48260004854482,0.571469132156236,0.831406934916482
0.938088386861889,0.324865617109584,0.436611034838049,0.966265032234669
0.895522927228262,0.00983427069241208,0.472185560620834,0.866981460699267
0.916055423086284,0.163661740948742,0.619041036916794,1.01383693699523
0.912574061604694,0.355669971913487,0.535894606373451,0.783835030155924
0.625403241283577,0.569842149775118,0.389039130077491,0.930690506451883
1.34922171865032,0.183030597107508,0.415351636447442,0.849972782320275
0.596921973041361,-0.085923738572468,0.552903284752442,0.987524430625276
0.87593075596998,-0.0741308808254244,0.657406815614258,0.74546925145846
0.731774866869489,0.761726059955936,0.822397950039216,0.677602049960784
-0.0834831459888443,0.803551331314351,0.88982699869831,0.61017300130169
0.941779624559024,0.465357011685975,0.754968901380123,0.745031098619877
0.278361031965192,0.197436580935156,0.790543427162908,0.645747527084476
0.239752498959908,0.606725895642548,0.937398903458868,0.792603003380435
0.362143261875442,0.482781407025504,0.854252472915524,0.562601096541132
0.517308896355703,0.518463157518832,0.707396996619565,0.709456572837092
0.391196805949522,0.480885303863468,0.733709502989516,0.628738848705484
-0.0605988937118438,0.592040267236547,0.871261151294516,0.766290497010484
0.401338492676525,0.609397744622731,0.975764682156332,0.524235317843668
0.720435762791885,1.21322218590314,0.806824108870509,0.193175891129491
0.758502888919074,0.927408048299771,0.874253157529603,0.125746842470397
0.402310887660433,0.734113658740104,0.739395060211416,0.260604939788584
0.499453625840876,0.770819156445344,0.774969585994201,0.161321368253183
0.633506173349036,0.757664257301954,0.92182506229016,0.308176844549142
0.840975441111521,0.895930642642545,0.838678631746817,0.0781749377098396
0.550003136215438,0.894007174730945,0.691823155450858,0.225030414005799
0.221442521833097,1.04189325657601,0.718135661820809,0.144312689874191
0.607587729172178,0.922758960447238,0.855687310125809,0.281864338179191
0.537399085949807,0.785386155786786,0.960190840987625,0.0398091590123753
0.0339192287506601,0.28242340759071,0.302602049960784,0.697397950039216
0.348982074070514,0.182567606641172,0.370031098619877,0.629968901380123
0.209543791320941,0.516799916823245,0.23517300130169,0.76482699869831
0.258609061324966,0.106166908664036,0.270747527084476,0.665543427162908
0.442769691471171,0.370055564722296,0.417603003380435,0.812398903458868
0.572448611516359,0.235298168590978,0.334456572837092,0.582396996619565
0.0312781957594969,0.0516532488734686,0.187601096541132,0.729252472915524
0.550857579150665,0.480887137312914,0.213913602911083,0.648534748783916
0.0486947818964238,-0.179718764482129,0.351465251216084,0.786086397088917
0.27531192622556,0.132718814737113,0.455968782077899,0.544031217922101
0.252936706762466,0.877794417146671,0.8125,0.6875
0.600081434124172,0.766159731219781,0.879929048659093,0.620070951340907
0.614101730032115,0.564947183992137,0.745070951340907,0.754929048659093
0.337470186401969,0.889260916315356,0.780645477123692,0.655645477123692
0.691407811373333,1.21347613747449,0.927500953419651,0.802500953419651
0.354637172427518,0.72910942850804,0.844354522876308,0.572499046580349
0.693057520027515,0.818760120077409,0.697499046580349,0.719354522876308
0.608783100069461,0.996572361806487,0.723811552950299,0.6386367987447
0.704272409564822,0.865952717178369,0.8613632012553,0.776188447049701
0.373520612305148,1.24743087766162,0.965866732117115,0.534133267882885
0.613545556966874,1.00891831944896,0.530022127207125,0.905022127207125
0.930369596813307,1.02918246461237,0.597451175866218,0.837593078548032
0.535884679467693,0.811743838071801,0.462593078548032,0.972451175866218
0.239319477953716,0.36566804143444,0.498167604330817,0.873167604330817
0.550369863789764,1.00529563450242,0.645023080626776,1.02002308062678
0.281191558846062,1.27993743802821,0.561876650083433,0.790021173787474
0.264690336985032,0.85779096404819,0.415021173787474,0.936876650083433
0.428207944188177,0.575131374250715,0.441333680157424,0.856158925951825
0.652886150244619,0.772604111045442,0.578885328462425,0.993710574256826
0.534884810124496,0.659210748325203,0.683388859324241,0.751655395090009
0.213713643772284,0.476687641842456,0.869324108870509,0.130675891129491
0.357263888897936,0.214670214315214,0.936753157529603,0.0632468424703974
0.395328717147716,0.342921019773333,0.801895060211416,0.198104939788584
0.26907649274927,0.280833604875322,0.837469585994201,0.0988213682531827
0.0352474611313211,0.211059401712265,0.98432506229016,0.245676844549142
0.384691921242928,0.271651129194644,0.901178631746817,0.0156749377098396
0.491705198812617,0.430895862525637,0.754323155450858,0.162530414005799
0.672418042972822,0.319705091420517,0.780635661820809,0.0818126898741909
0.123311000893423,0.144661665584736,0.918187310125809,0.219364338179191
0.316860007617107,-0.210007286544716,1.02269084098762,-0.0226908409876247
0.725319594038601,0.184968215060572,0.474225090255378,0.849225090255378
0.880341207594841,0.269414919267193,0.541654138914471,0.781796041596284
0.381447206670706,-0.097899917824231,0.406796041596284,0.916654138914471
1.32652263740304,-0.0473761023914882,0.442370567379069,0.817370567379069
0.586579785081014,-0.505596993887322,0.589226043675029,0.964226043675029
0.652181855939722,-0.098417598050735,0.506079613131686,0.734224136835726
1.17587987605471,0.169830517541575,0.359224136835726,0.881079613131686
0.44635704131957,0.194806384674641,0.385536643205677,0.800361889000078
1.03214476728924,0.499204067518186,0.523088291510677,0.937913537305078
0.815530477355016,0.10671827250616,0.627591822372493,0.695858358138262
0.318500340352723,0.160718080334133,0.8125,0.6875
0.240724277211059,0.123425891855021,0.879929048659093,0.620070951340907
0.128401363505262,0.359808849832174,0.745070951340907,0.754929048659093
0.375550774844871,0.467030571238421,0.780645477123692,0.655645477123692
0.318615526850277,0.28146021806831,0.927500953419651,0.802500953419651
0.251652702351044,0.194590008371816,0.844354522876308,0.572499046580349
0.0626764803502931,0.0811144394454323,0.697499046580349,0.719354522876308
0.217738520325264,0.173391207193285,0.723811552950299,0.6386367987447
0.3820520062084,-0.0393017501566375,0.8613632012553,0.776188447049701
0.361059160164875,0.117784945567698,0.965866732117115,0.534133267882885
0.788210237875557,0.750549066308198,0.280022127207125,0.655022127207125
0.783603589151308,0.815448457055,0.347451175866218,0.587593078548032
0.38706169342285,0.534336156642654,0.212593078548032,0.722451175866218
0.603363537158487,0.568530822131178,0.248167604330817,0.623167604330817
0.57509634961881,0.928905561348614,0.395023080626776,0.770023080626776
0.228687449575533,0.823814229464805,0.311876650083433,0.540021173787474
0.723385216179364,0.740437921167818,0.165021173787474,0.686876650083433
0.178748060934502,0.591918163031835,0.191333680157424,0.606158925951825
0.31186653438491,0.639263914972593,0.328885328462425,0.743710574256826
0.760848109155381,1.26594433708391,0.43338885932424,0.501655395090009
0.736558085525706,-0.0257702054374059,0.822397950039216,0.677602049960784
0.956657046604967,0.00126250645933439,0.88982699869831,0.61017300130169
0.958857284336527,-0.0769761808209038,0.754968901380123,0.745031098619877
0.95450522026985,0.0349094820239525,0.790543427162908,0.645747527084476
0.860817756113678,0.256374677608422,0.937398903458868,0.792603003380435
0.55138481936614,0.171684344786297,0.854252472915524,0.562601096541132
0.599955253646739,0.0344448797333791,0.707396996619565,0.709456572837092
0.952134243109858,0.254938814216118,0.733709502989516,0.628738848705484
0.540185301684119,0.412138456107427,0.871261151294516,0.766290497010484
0.907364023613402,0.0796639234950931,0.975764682156332,0.524235317843668
0.319866501293902,0.265648336265176,0.52525790961156,0.90025790961156
0.281412340485298,0.301933047836332,0.592686958270654,0.832828860952467
0.0301880224687273,0.0551555682468794,0.457828860952467,0.967686958270654
0.0404513822431596,0.737493005841967,0.493403386735252,0.868403386735252
0.609722703196589,0.417640943501899,0.640258863031212,1.01525886303121
0.402024168227586,0.207006993656592,0.557112432487868,0.785256956191909
0.374184965057645,0.499826459613569,0.410256956191909,0.932112432487868
0.255283291482236,0.131796968246747,0.43656946256186,0.851394708356261
0.322846323670804,0.599480286942893,0.57412111086686,0.988946356661261
0.256139818581546,0.17837387484317,0.678624641728676,0.746891177494445
0.0969190488535361,1.02982745962113,0.884897950039216,0.115102049960784
0.834041059223832,0.694730989835102,0.95232699869831,0.0476730013016903
0.787663046689669,0.834003063215915,0.817468901380123,0.182531098619877
0.406353956272176,0.909713262419337,0.853043427162908,0.0832475270844756
0.279142226945201,1.20250888285851,0.999898903458868,0.230103003380435
0.194311704004589,0.667014909705626,0.916752472915524,0.000101096541132467
0.507414512557833,0.537861562858954,0.769896996619565,0.146956572837092
0.194431504687985,0.489601730868889,0.796209502989516,0.0662388487054838
0.398323616388923,0.969871052269004,0.933761151294516,0.203790497010484
0.593931644619643,0.846699776940976,1.03826468215633,-0.0382646821563319
0.376458748665233,0.594254203577071,0.323819876075202,0.698819876075202
0.193873610355137,0.380192101484413,0.391248924734295,0.631390827416108
0.300660272889459,0.170411077447163,0.256390827416108,0.766248924734295
0.266885202618497,0.236119518166166,0.291965353198893,0.666965353198893
0.226749884820324,0.212887466936951,0.438820829494853,0.813820829494853
0.0974489558336498,-0.180219910774822,0.35567439895151,0.58381892265555
0.474443363911886,0.577428087583774,0.20881892265555,0.73067439895151
0.140886679231453,0.450725539517139,0.235131429025501,0.649956674819902
0.355394242075103,0.0846259813745828,0.372683077330501,0.787508323124902
0.254969318692633,0.314350820453713,0.477186608192317,0.545453143958086
0.270420668508005,0.25271541498856,0.792569876075202,0.667569876075202
-0.00451039442387668,0.379138422880081,0.859998924734295,0.600140827416108
0.520022970517253,0.304945329297908,0.725140827416108,0.734998924734295
0.172392066792814,0.347026869804561,0.760715353198893,0.635715353198893
0.258758229375298,-0.0426318725686163,0.907570829494853,0.782570829494853
0.303015689674557,0.373360086808414,0.82442439895151,0.55256892265555
0.0232165939247229,0.0799892193910558,0.67756892265555,0.69942439895151
0.00495562187315357,0.144803530732818,0.703881429025501,0.618706674819902
0.212332976880663,0.216978895572679,0.841433077330501,0.756258323124902
0.337258607889049,-0.09162090884143,0.945936608192317,0.514203143958086
0.853771544769163,0.455618637738689,0.530022127207125,0.905022127207125
0.785707407794794,-0.0452501328990687,0.597451175866218,0.837593078548032
0.729976644775742,-0.0272824271399983,0.462593078548032,0.972451175866218
0.762759415896452,-0.13237244343259,0.498167604330817,0.873167604330817
1.12277677051372,0.183114513511564,0.645023080626776,1.02002308062678
0.621894664971214,0.37797187770575,0.561876650083433,0.790021173787474
0.83060203887783,-0.0925532418690148,0.415021173787474,0.936876650083433
0.379286593139543,0.0620085998534786,0.441333680157424,0.856158925951825
0.738845071142221,0.420415201917784,0.578885328462425,0.993710574256826
0.773419498077452,0.0102940012165506,0.683388859324241,0.751655395090009
0.359143929461863,-0.136891755134226,0.8125,0.6875
0.299942196349355,0.209368366435417,0.879929048659093,0.620070951340907
-0.0390376969744534,0.392330110568105,0.745070951340907,0.754929048659093
0.465419090006833,0.00612572258612898,0.780645477123692,0.655645477123692
0.38107629144107,0.19036620308557,0.927500953419651,0.802500953419651
0.124400985901447,-0.00648935658481345,0.844354522876308,0.572499046580349
0.041242796860575,0.261310551204764,0.697499046580349,0.719354522876308
0.143957804169222,0.211449383016933,0.723811552950299,0.6386367987447
0.38485417081569,0.23121235341211,0.8613632012553,0.776188447049701
0.109191631749921,0.113484024974143,0.965866732117115,0.534133267882885
0.0801687954760218,0.162833159431042,0.268022839123454,0.643022839123454
0.396330570668357,0.137660829590296,0.335451887782548,0.575593790464361
0.243069091594041,0.337271823775388,0.200593790464361,0.710451887782548
0.184654434271836,0.542125496265423,0.236168316247146,0.611168316247146
-0.420596218697558,0.435567674181909,0.383023792543105,0.758023792543105
-0.0330822528461623,0.487173815413852,0.299877361999762,0.528021885703803
0.374622751363883,0.171975843119941,0.153021885703803,0.674877361999762
0.140678459098046,0.406818251417426,0.179334392073753,0.594159637868154
-0.0196220689895147,0.041734157570374,0.316886040378754,0.731711286173155
0.134176956410937,0.210105027596146,0.42138957124057,0.489656107006339
0.891014373419414,1.17504710017908,0.869324108870509,0.130675891129491
0.451361190148994,0.864471571906164,0.936753157529603,0.0632468424703974
0.392865006930577,0.744391123518948,0.801895060211416,0.198104939788584
0.337084099994254,1.19240167327225,0.837469585994201,0.0988213682531827
0.608180492499247,0.588788462543817,0.98432506229016,0.245676844549142
0.875164664477074,0.887090609852751,0.901178631746817,0.0156749377098396
0.536358199494122,0.951843646192642,0.754323155450858,0.162530414005799
0.401673816505924,0.860277053789509,0.780635661820809,0.0818126898741909
0.868683521325453,0.621139050946656,0.918187310125809,0.219364338179191
0.298160747436527,0.820460366286325,1.02269084098762,-0.0226908409876247
-0.0893656611035232,-0.0801617212658082,0.504040083497143,0.898835983575575
0.606674218379183,0.498848723947582,0.571469132156236,0.831406934916482
-0.149324437893364,0.277151655359168,0.436611034838049,0.966265032234669
-0.199182199332399,0.170080619522498,0.472185560620834,0.866981460699267
0.361571193175477,0.490978136648392,0.619041036916794,1.01383693699523
0.403530369332273,0.425904045634326,0.535894606373451,0.783835030155924
0.182843848009803,0.493539805806882,0.389039130077491,0.930690506451883
0.180677390195487,0.179717279892676,0.415351636447442,0.849972782320275
0.367050121881628,0.393183798555952,0.552903284752442,0.987524430625276
0.501785278872968,0.297094435261876,0.657406815614258,0.74546925145846
0.774786680937767,0.708549909490279,0.270747527084476,0.665543427162908
0.980907126436231,1.17284632982747,0.299536011020936,0.636754943226447
0.91433720851115,0.402376652574895,0.241959043148015,0.694331911099369
0.726380844015887,0.497769731285557,0.257147403126557,0.651943303204989
0.617496497040418,0.427520240934511,0.319846589966669,0.714642490045102
1.00360134072466,0.621704667488491,0.284347651042395,0.616444364280715
0.857810062225194,0.971021839431037,0.221648464202282,0.679143551120827
0.930490503779063,0.664067538684267,0.232882452846985,0.644681535850542
0.775776098279007,0.643616662987122,0.291609418396842,0.703408501400399
0.503619004928378,0.437005569115687,0.336226660955448,0.600064293291936
0.84709434262397,0.609425016366392,0.8125,0.6875
1.04110634350801,0.509450140299122,0.841288483936461,0.658711516063539
1.28608421759588,0.509019404912854,0.783711516063539,0.716288483936461
1.09698031428691,0.550950869390682,0.798899876042081,0.673899876042081
0.660036390086419,0.61177287593148,0.861599062882194,0.736599062882194
0.733415052146813,0.693597411206996,0.826100123957919,0.638400937117806
0.955532170275006,0.821420773734073,0.763400937117806,0.701100123957919
0.832032775972917,0.59289483510391,0.774634925762509,0.666638108687634
0.889107119147585,0.523329265969357,0.833361891312366,0.725365074237491
0.571581302549562,1.01796450519767,0.877979133870972,0.622020866129028
0.773869630986476,0.613658849334754,0.817468901380123,0.182531098619877
0.71446552149997,1.07742353051234,0.846257385316584,0.153742614683416
0.91509048421189,1.35737024096974,0.788680417443662,0.211319582556338
0.379547960566275,1.34686015268325,0.803868777422204,0.168930974661958
0.984859866010678,0.962864426774119,0.866567964262317,0.231630161502071
0.820386214450925,0.907330003564403,0.831069025338042,0.133432035737684
0.636500952014329,0.965304460264478,0.768369838497929,0.196131222577796
0.699962946404141,1.15809119701347,0.779603827142632,0.161669207307511
0.587364638109014,1.2243653258691,0.838330792692489,0.220396172857368
0.55293119133302,1.01049439185542,0.882948035251095,0.117051964748905
0.493276415550817,0.320965094815467,0.504040083497143,0.898835983575575
0.265005499709293,0.515948847596495,0.532828567433603,0.870047499639114
0.36996510917746,0.060760118256287,0.475251599560682,0.927624467512036
0.507548671234979,0.0116003727123944,0.490439959539224,0.885235859617656
0.998335393856063,0.566230026631489,0.553139146379336,0.947935046457769
0.259620149389193,0.297772574946773,0.517640207455062,0.849736920693382
0.136791205130682,0.0682332835004379,0.454941020614949,0.912436107533494
0.359582259991072,0.0379609329081217,0.466175009259651,0.877974092263209
0.189255619235249,0.142243757876081,0.524901974809509,0.936701057813066
0.397477297412319,0.370807695215957,0.569519217368115,0.833356849704603
0.0888566218596062,0.596878070365774,0.498167604330817,0.873167604330817
0.462680936757362,0.813959558615806,0.526956088267278,0.844379120394356
0.243080629701908,0.655332012948876,0.469379120394356,0.901956088267278
0.233487861883452,0.397852328855076,0.484567480372898,0.859567480372898
0.191207758279342,0.736395963561191,0.54726666721301,0.92226666721301
0.134796238374234,0.539333980308783,0.511767728288736,0.824068541448623
0.160775874592302,0.891893380609362,0.449068541448623,0.886767728288736
0.425607419991893,0.501468303542648,0.460302530093326,0.852305713018451
-0.0734410978388737,0.309458882202535,0.519029495643183,0.911032678568308
0.411665459056226,0.496212909192773,0.563646738201789,0.807688470459845
0.112345340349053,-0.194360017059054,0.869324108870509,0.130675891129491
0.0615637490784926,0.152641651049638,0.89811259280697,0.10188740719303
0.179233066011032,0.101758246050657,0.840535624934048,0.159464375065952
0.107684585598782,0.382346550080009,0.85572398491259,0.117075767171572
0.144601445868403,0.491051569145469,0.918423171752703,0.179774954011684
0.292348172502055,0.459136709986914,0.882924232828428,0.0815768282472973
-0.00597943751761662,-0.00978002549347992,0.820225045988316,0.14427601508741
0.378785417824805,0.0536766884042373,0.831459034633018,0.109813999817125
0.226238717610246,0.194983491507607,0.890186000182875,0.168540965366982
0.219104330637324,0.000956089364659712,0.934803242741482,0.0651967572585185
-0.0504417702880092,0.0540263120658705,0.472185560620834,0.866981460699267
0.428690801713051,-0.00851827681327549,0.500974044557295,0.838192976762806
0.284051974119801,-0.0341289393130154,0.443397076684374,0.895769944635728
0.393299868453622,0.0801458283412257,0.458585436662916,0.853381336741348
0.0298071179425663,0.593475255751391,0.521284623503028,0.916080523581461
0.202329701435879,0.121588895693765,0.485785684578753,0.817882397817074
0.0361709416233831,0.0300816898633698,0.423086497738641,0.880581584657186
0.104537714980976,-0.0283856742851126,0.434320486383343,0.846119569386901
0.316263076869014,0.222586677631031,0.493047451933201,0.904846534936758
0.107422084851457,0.173914032502805,0.537664694491807,0.801502326828295
0.838624101825132,0.614247163347676,0.822397950039216,0.677602049960784
0.731668950329165,0.50652884802317,0.851186433975677,0.648813566024323
0.961743760382393,0.608766467983324,0.793609466102756,0.706390533897244
0.93222846213309,0.600813146739908,0.808797826081297,0.664001926002865
0.999424158157262,0.865764571537532,0.87149701292141,0.726701112842977
0.836910649951236,0.740129173522005,0.835998073997135,0.62850298707859
1.01108277028982,0.624481631589102,0.773298887157023,0.691202173918703
0.77289969513058,0.570881853206049,0.784532875801725,0.656740158648418
0.974795248665632,1.05308624141165,0.843259841351582,0.715467124198275
0.756613890141727,0.703199207757277,0.887877083910189,0.612122916089811
0.565769793035737,0.416094539389414,0.280022127207125,0.655022127207125
0.729528610077912,0.142502466878835,0.308810611143586,0.626233643270664
0.834190364648559,0.0502089541775125,0.251233643270664,0.683810611143586
0.982138695097112,-0.0467414832088583,0.266422003249206,0.641422003249206
0.798543981731242,-0.00856257554246466,0.329121190089318,0.704121190089319
0.837901085157468,-0.0762528954939928,0.293622251165044,0.605923064324931
0.607643288785222,0.180700464763635,0.230923064324931,0.668622251165044
0.974815040059202,-0.186818600154178,0.242157052969634,0.634160235894759
0.835511152586608,-0.242354123175457,0.300884018519491,0.692887201444616
0.962922427993179,-0.0267580882781322,0.345501261078097,0.589542993336153
1.05089686052025,0.890542213494034,0.8613632012553,0.776188447049701
0.858607387510265,0.760624946520921,0.890151685191761,0.74739996311324
0.735191180273212,1.0706581333818,0.832574717318839,0.804976930986162
0.967958696006732,1.10331079604537,0.847763077297381,0.762588323091782
0.763745288556847,0.960446264359132,0.910462264137493,0.825287509931894
0.811044979047616,0.650797261087788,0.874963325213219,0.727089384167507
0.848638447584096,0.486721503524842,0.812264138373106,0.78978857100762
1.05179598173443,0.733320946376928,0.823498127017809,0.755326555737335
1.09255480691698,0.583683739459254,0.882225092567666,0.814053521287192
1.09054331804364,0.749729167805375,0.926842335126272,0.710709313178728
0.15897381173208,0.312909000556911,0.235131429025501,0.649956674819902
0.453328471367968,-0.369810409705265,0.263919912961962,0.621168190883441
0.706967691223759,0.214847507412581,0.20634294508904,0.678745158756363
0.461875450765766,0.37225157000784,0.221531305067582,0.636356550861983
0.417440188003802,0.0200128533884457,0.284230491907694,0.699055737702095
0.276547805741163,0.0225989171062779,0.24873155298342,0.600857611937708
0.705243229996216,0.462109551209067,0.186032366143307,0.663556798777821
0.253159452047777,-0.278358694166923,0.19726635478801,0.629094783507536
0.544335498513993,0.327545719139383,0.255993320337867,0.687821749057393
0.584139828107413,0.22702641714549,0.300610562896473,0.584477540948929
0.0950408738168953,0.157911386248209,0.837469585994201,0.0988213682531827
0.239419043434439,0.329502635611098,0.866258069930662,0.0700328843167218
0.237645252633322,0.313559172193315,0.80868110205774,0.127609852189644
0.276151749507651,0.0642379305419005,0.823869462036282,0.0852212442952637
0.251556994401475,0.0495119498461784,0.886568648876395,0.147920431135376
0.119698544898802,0.586944203149344,0.85106970995212,0.0497223053709892
0.278446403097516,0.047436858127698,0.788370523112008,0.112421492211102
0.504291658411834,0.403030005653806,0.79960451175671,0.0779594769408165
0.36018397408026,0.15965299672481,0.858331477306567,0.136686442490674
0.526159775236462,-0.00692896940237034,0.902948719865173,0.0333422343822104
0.52719755060911,0.57692736950171,0.530022127207125,0.905022127207125
0.592779087297049,0.60594470462932,0.558810611143586,0.876233643270664
0.444036004651969,0.706730304528948,0.501233643270664,0.933810611143586
0.657233053297469,0.711177579608145,0.516422003249206,0.891422003249206
1.02872225626415,0.846410494572537,0.579121190089319,0.954121190089319
0.717846796056737,0.80266358801577,0.543622251165044,0.855923064324931
1.18139453552624,0.850060519141601,0.480923064324931,0.918622251165044
0.799505995593189,0.72116532276999,0.492157052969634,0.884160235894759
0.64644255287402,0.533357929876955,0.550884018519491,0.942887201444616
0.777122327265222,0.784601006992421,0.595501261078097,0.839542993336153
0.870738529242187,0.920557760686986,0.780645477123692,0.655645477123692
0.70748742805316,0.565486467288348,0.809433961060153,0.626856993187231
0.710592582380073,0.929265309196439,0.751856993187231,0.684433961060153
1.00724778744361,0.562347118745823,0.767045353165773,0.642045353165773
1.05630624648618,0.858339485128508,0.829744540005885,0.704744540005885
0.811091347210686,0.714154186687131,0.794245601081611,0.606546414241498
0.709757313819233,0.928902585301222,0.731546414241498,0.669245601081611
1.11868180651506,1.01639070735518,0.742780402886201,0.634783585811326
0.539470716120635,0.729855841266903,0.801507368436058,0.693510551361183
0.605825063719645,0.873561988452662,0.846124610994664,0.59016634325272
-0.0895338105592354,-0.128118055889338,0.302602049960784,0.697397950039216
0.217879640179403,0.324575355368652,0.331390533897245,0.668609466102756
0.0283922931323208,0.6756224042305,0.273813566024323,0.726186433975677
0.311316119018179,0.0255656176199273,0.289001926002865,0.683797826081297
0.267621847605623,0.0934642178316921,0.351701112842977,0.74649701292141
0.223380500544228,0.17320152495841,0.316202173918703,0.648298887157023
0.232756937660414,0.271060223297676,0.25350298707859,0.710998073997135
0.460677282276106,0.204976600161505,0.264736975723293,0.67653605872685
0.239617711313306,0.160322942248683,0.32346394127315,0.735263024276707
0.641269569458376,0.637983536458481,0.368081183831756,0.631918816168244
0.858452022188357,0.812259576503552,0.874253157529603,0.125746842470397
1.05245117452509,0.663071074405976,0.903041641466063,0.0969583585339366
0.239589564134349,0.636313906856787,0.845464673593142,0.154535326406858
1.05973886941689,0.410751197167259,0.860653033571684,0.112146718512478
1.09644108502656,0.267067384793407,0.923352220411796,0.174845905352591
0.737519464610824,0.690230968854582,0.887853281487522,0.0766477795882039
0.789069259893068,0.748685180560091,0.825154094647409,0.139346966428316
1.16759412139971,0.594137110028894,0.836388083292112,0.104884951158031
0.842284765687153,0.820892467908645,0.895115048841969,0.163611916707888
1.04167602833411,0.789644031518413,0.939732291400575,0.0602677085994252
0.330191804073636,1.01740335066332,0.457828860952467,0.967686958270654
0.408243928293352,0.915991599434823,0.486617344888928,0.938898474334193
0.657376254560942,0.935960238337676,0.429040377016006,0.996475442207115
0.461248457380584,1.10284484692233,0.444228736994548,0.954086834312735
0.55863811712939,0.814760869227935,0.506927923834661,1.01678602115285
0.495535395635415,0.586018826063155,0.471428984910386,0.91858789538846
0.743435827719089,1.37373756019568,0.408729798070273,0.981287082228573
0.418810188539083,1.05691315524281,0.419963786714976,0.946825066958288
0.200356201401056,1.17990481869997,0.478690752264833,1.00555203250814
0.306235374589146,0.907448084138924,0.523307994823439,0.902207824399682
0.231056500341572,-0.052362542517476,0.8125,0.6875
-0.218304573236651,0.451365980696799,0.841288483936461,0.658711516063539
0.283931591085961,-0.16476837341258,0.783711516063539,0.716288483936461
0.305905939146558,0.0161007334478811,0.798899876042081,0.673899876042081
0.0309952099053953,0.352316398304501,0.861599062882194,0.736599062882194
0.106462993775313,0.447443244416084,0.826100123957919,0.638400937117806
0.481048320251692,-0.129573087939982,0.763400937117806,0.701100123957919
0.306219788205359,0.337240666889892,0.774634925762509,0.666638108687634
0.161711959330578,0.28530895838758,0.833361891312366,0.725365074237491
0.286153719946348,0.209922693759536,0.877979133870972,0.622020866129028
0.145187664548859,0.321554220462213,0.291965353198893,0.666965353198893
0.099226426558788,0.255259382454985,0.320753837135354,0.638176869262433
0.300776236902763,0.0780253883507675,0.263176869262433,0.695753837135354
0.511695207277232,0.321275471856804,0.278365229240975,0.653365229240975
-0.0272949081325288,0.217237864132064,0.341064416081087,0.716064416081087
0.0603458438942527,0.437002065906681,0.305565477156812,0.6178662903167
0.597995491889722,0.312904295430469,0.2428662903167,0.680565477156812
0.0289538322673494,0.39139276553052,0.254100278961402,0.646103461886527
-0.254810348412548,0.317809796244315,0.31282724451126,0.704830427436385
0.273913321738209,0.334325619534335,0.357444487069866,0.601486219327921
0.986009510402035,0.71494247947244,0.801895060211416,0.198104939788584
0.376610355133749,0.724483432165696,0.830683544147877,0.169316455852123
0.937608711541524,0.585444056206295,0.773106576274955,0.226893423725045
0.564593807566615,0.589195872382279,0.788294936253497,0.184504815830665
0.906673030997498,0.666756677936693,0.850994123093609,0.247204002670778
1.09699157215549,0.376848706945133,0.815495184169335,0.149005876906391
0.744379877042273,0.941551822972637,0.752795997329222,0.211705063746503
0.672408165571982,0.627640020168681,0.764029985973925,0.177243048476218
0.816787359415916,0.294530488473128,0.822756951523782,0.235970014026075
1.151125913728,0.691239309287429,0.867374194082388,0.132625805917612
