"m.low","low","low"
-0.0112663498312811,-0.797267931783222,-0.743143826991062
0.00809063473966082,-0.776078036701706,-0.72081508227421
0.0274219734272921,-0.75140519527772,-0.695051160259591
0.0466702559057652,-0.722920324226739,-0.665561984090634
0.0657757070845592,-0.690317044273771,-0.632087186182961
0.0846763944050304,-0.653323620018763,-0.594408563227365
0.103308457629502,-0.611715149194627,-0.552362780360029
0.12160636039558,-0.565325523233559,-0.505853853845341
0.139503162599177,-0.514058662464109,-0.454864922673142
0.156930812439489,-0.457898535787113,-0.399468823428234
0.173820456683398,-0.396917506038018,-0.339837008886203
0.190102767324008,-0.331282596905802,-0.276246397106311
0.205708282154087,-0.261259352650201,-0.209083801459902
0.220567755368979,-0.187213054528202,-0.138847669514835
0.234612510556626,-0.109607164096954,-0.066146946353166
0.247774776033634,-0.0289989811864401,0.00830302616457773
0.259987929993325,0.0539673579126056,0.0836875490877368
0.271186261303785,0.138570160484478,0.15910228980026
0.281299680175425,0.224019359232797,0.233563470431672
0.280836004501375,0.264382418278976,0.264612131974923
0.252006739860492,0.169267267238509,0.17052936098917
0.223494862233053,0.0744367786037584,0.0770525998723363
0.195407840761143,-0.019512390874273,-0.0150075511501057
0.167808801430609,-0.112044112820743,-0.104867535382532
0.140757011850169,-0.202673816620625,-0.191765699229844
0.114309189919454,-0.290974507139341,-0.274974456171756
0.088519455268986,-0.376580027606838,-0.353812292584405
0.0634390852618427,-0.459184777460301,-0.427654940817288
0.0391162349928716,-0.53853973076921,-0.495945533499247
0.0155956583276676,-0.614444855798269,-0.558203628342925
-0.00708155753143197,-0.686738256111312,-0.614033006236697
-0.0288782380631538,-0.755282563890972,-0.663128133816002
-0.0497613443501279,-0.819949310775915,-0.705279154464629
-0.069702170145722,-0.88060216871895,-0.740375236096652
-0.0886765108107808,-0.937080080286095,-0.76840606836491
-0.106664802180064,-0.989181372486826,-0.789461275242717
-0.123652227698934,-1.03664996120698,-0.803727500330216
-0.139628792437037,-1.07916469916726,-0.811482939761786
-0.15458936285309,-1.1163327987518,-0.81308914712712
-0.168533671459547,-1.14768807741413,-0.808980019270405
-0.181466285819819,-1.17269453844367,-0.799647990556647
-0.193396541604094,-1.19075552874245,-0.785627611834474
-0.204338439731995,-1.2012284255693,-0.76747686115741
-0.214310507940882,-1.20344451415106,-0.745756716473115
-0.223335627437961,-1.19673344446885,-0.72100970769431
-0.231440825625342,-1.18045141244296,-0.693738366907389
-0.238657036238525,-1.15401200866173,-0.664384857880572
-0.245018828632005,-1.11691852362413,-0.633315514746069
-0.250564108435438,-1.06879639594707,-0.601900635154739
-0.255333792531159,-1.00942444048369,-0.621116626312525
-0.259371462663164,-0.938763496574413,-0.624872726790953
-0.262723005205628,-0.856981191679236,-0.611481905572845
-0.265436254102103,-0.764471621849158,-0.580770082492765
-0.267560689058438,-0.661868912577428,-0.532993319991317
-0.269147415457452,-0.550053883538928,-0.468839639265356
-0.270251078592152,-0.430153844615947,-0.389422912295761
-0.270986905350467,-0.303557157234758,-0.296320401246505
-0.291026518725331,-0.275446476770041,-0.232260984545188
-0.317083484943881,-0.269129226893572,-0.177038916500511
-0.34236425183477,-0.248600716603358,-0.117484337487474
-0.3667396331429,-0.213890652521789,-0.0533298303369374
-0.39009252510242,-0.1653542140167,0.0155445425828015
-0.412310420832765,-0.103673822740397,0.0890908693235392
-0.433285095741181,-0.0298547141565312,0.167071453888862
-0.452912976502622,0.0547885612697681,0.249043213688313
-0.471095632407918,0.148654835194496,0.334350014561071
-0.487740285602282,0.249887821189336,0.42212373186992
-0.50276031139676,0.356415664628745,0.511294355984567
-0.516075717399107,0.465997481328135,0.600609028734215
-0.52761359546769,0.576275556718398,0.688659479760444
-0.537308542404308,0.684831656633129,0.77391693700737
-0.545103046148086,0.789245720076532,0.854773215401885
-0.550947834699571,0.887154979230841,0.929586256187367
-0.55480218532716,0.976310204195942,0.996726686364002
-0.556634191876141,1.05346055638385,1.05351140393034
-0.556420988249965,0.999469317006076,1.002352889754
-0.554148926379663,0.931435408109773,0.936391703629675
-0.549813707247427,0.852318973163198,0.858633941791778
-0.543420463787248,0.764129091947066,0.771203871048307
-0.534983794750719,0.669043267878118,0.676399626658852
-0.52452774890054,0.569354549853359,0.576632484331427
-0.512085759179338,0.467414575421516,0.474363332779831
-0.497700526800244,0.365575760170955,0.372039874941022
-0.481423855525363,0.266134529372362,0.272036488801179
-0.463316436755222,0.171277289200388,0.176598378935807
-0.443447586484939,0.0830306882269946,0.0877914309315445
-0.421894935786543,0.00321754039616934,0.00745894796373425
-0.398744077503942,-0.066580438636253,-0.0628138061696495
-0.37408817403626,-0.125052183884636,-0.121726605885961
-0.348027536888492,-0.171178504904923,-0.168282436579785
-0.320669207731447,-0.204244664552073,-0.201796763356095
-0.292126651243644,-0.223844322855202,-0.22189812236014
-0.262520162800321,-0.229875322583251,-0.228520693405855
-0.231984968128412,-0.222530334048996,-0.221891961066007
-0.206844334165663,-0.24018445224509,-0.238195618076111
-0.199268405228015,-0.363074716166581,-0.353434409185502
-0.190963710560375,-0.479012865635301,-0.462259258783586
-0.181830076938248,-0.586749268374128,-0.563482280700483
-0.171836741682645,-0.685279306572778,-0.656138950893336
-0.160961104552066,-0.773825540282989,-0.73947294379701
-0.149186568084038,-0.851834555731693,-0.812935323540409
-0.136502431787315,-0.918968233977121,-0.876178261740066
-0.122904062359603,-0.975089453631087,-0.929043233969055
-0.108393096782686,-1.02024294984902,-0.97154435098075
-0.0929776229798663,-1.05463225491352,-1.00384769092343
-0.0766723206109438,-1.07859376445347,-1.02624762531946
-0.0594985549239546,-1.09256904776402,-1.03914121359749
-0.0414844201790404,-1.09707655514568,-1.04300178274524
-0.0226647307513743,-1.09268386847735,-1.03835280915561
-0.00308095892657889,-1.07998159137166,-1.02574317713634
0.0172188809524076,-1.05955988078446,-1.00572480152543
0.0381804017921052,-1.03198848292169,-0.978833470510086
0.0597430658296461,-0.99780095519844,-0.945573591516385
0.0818404583533256,-0.957483538587435,-0.906407313484544
0.104400611491868,-0.911468900382286,-0.861748262144385
0.127346376083332,-0.860134709220242,-0.811959873772289
0.150595839233446,-0.803806747961906,-0.757358062828517
0.174062784790135,-0.742766032805643,-0.698217726660387
0.197657193596607,-0.677259205295349,-0.634782392382168
0.221285780039113,-0.607511311529404,-0.567276160860186
0.244852561073754,-0.533739989513342,-0.495917010030482
0.268259453589609,-0.456170055598634,-0.420930488978687
0.291406895618127,-0.37504751327571,-0.342562864372076
0.314194486470655,-0.290652096363266,-0.261092866202328
0.336521640221229,-0.203307594278773,-0.176841310946891
0.358288245617577,-0.113389377742461,-0.0901780455118251
0.379395322156813,-0.0213287364010645,-0.00152584230221597
0.399745651883788,0.0723861559113863,0.0886389267308131
0.419244328333637,0.167212622832562,0.179788806813935
0.437798973640786,0.262558947360681,0.271350705536223
0.455317816717679,0.357792027759479,0.362713410478389
0.471647758342238,0.452229385106004,0.453220084968433
0.468754390153895,0.410273594072009,0.413016405066139
0.458613915110158,0.322298810618722,0.328649576326762
0.447431290604775,0.234201769607254,0.244074661367386
0.435325368098824,0.146818349364364,0.160096450051449
0.422408685917052,0.0609425616793036,0.0774812584726566
0.408795584031416,-0.022682158001834,-0.00305158595882538
0.394602457873155,-0.103371894838712,-0.0808385230470136
0.379947237824033,-0.180509003945362,-0.155278466392642
0.364948709071145,-0.253546251253106,-0.225837032333214
0.349725786361075,-0.322008215933628,-0.292048156949807
0.334396776689864,-0.385489997513293,-0.353513132813897
0.319078643865277,-0.443653429279218,-0.409897249514848
0.30388628321638,-0.496221148551409,-0.460924365642461
0.288931812704447,-0.542969006830384,-0.506369867986792
0.274323885817295,-0.583717409373025,-0.546052577211315
0.260167031155088,-0.618322245161386,-0.579826229199878
0.246561023282337,-0.646666096754375,-0.607571190132257
0.233600289131187,-0.668650400080842,-0.629187046146162
0.221373353955837,-0.684189155510421,-0.644586643831885
0.20996233054076,-0.69320467663724,-0.653692048706098
0.199442455049362,-0.695625709852977,-0.656432742603696
0.189881672562628,-0.691388077784262,-0.652746208949438
0.181340274998408,-0.680437807741781,-0.642580871272763
0.17387059372185,-0.662736518402812,-0.625901170435937
0.167516748755605,-0.638268669279998,-0.602694404540652
0.162314456073453,-0.607050140974181,-0.572978824736003
0.158290894006988,-0.569137518973091,-0.536812389026197
0.155464629297046,-0.524637404783165,-0.494301529416521
0.153845602742103,-0.473715076197654,-0.445609286029649
0.153435173639986,-0.416601860603955,-0.390962202362138
0.154226221031959,-0.353600665782565,-0.330655453203778
0.15620329739116,-0.285089224348937,-0.265055783885544
0.159342824361806,-0.211520743107268,-0.194601969024367
0.163613300656661,-0.133421801269048,-0.119802645170838
0.168975410300464,-0.0513875175250513,-0.0412315402710557
0.175381418819706,0.033925698669314,0.0404795944559158
0.182766772559701,0.121807460692551,0.124648095536673
0.184970085455317,0.166465044241992,0.167418722555593
0.170047845329411,0.0776018692370733,0.0823179313534679
0.156056183489681,-0.00907973812716725,-0.000696794611679957
0.143158933719459,-0.0928306454863939,-0.0809059509444368
0.131447658941126,-0.172966662083692,-0.157651402973169
0.121003697016792,-0.248860756486619,-0.230329029563904
0.111900257253856,-0.319951060652118,-0.29839650579959
0.104202439909084,-0.385746976234734,-0.36137928609724
0.0979669835045286,-0.445832647387522,-0.418874079728894
0.093241986255113,-0.499867664433613,-0.47054968519068
0.0900666571387622,-0.547585069874245,-0.516145248038818
0.0884711136610368,-0.588786899737087,-0.555466161462247
0.0884762328751906,-0.62333763724216,-0.588377966783665
0.0900935585915609,-0.651156079676798,-0.614798729870892
0.0933252661293359,-0.672206215969528,-0.634690462124763
0.0981641850878596,-0.686487774035629,-0.648050213882753
0.104593880012081,-0.694027116928673,-0.654901487377834
0.112588788342722,-0.694869140784144,-0.65528659158613
0.122114414616025,-0.689070754314588,-0.649260491247939
0.133127579486257,-0.676696402035085,-0.636886589762806
0.14557672177626,-0.657815938618023,-0.618234737422389
0.159402251413374,-0.632504981012467,-0.59338158335106
0.174536950778707,-0.600847672546823,-0.562413205371724
0.190906421686549,-0.562941605088843,-0.525429772133831
0.20842957491706,-0.518904477133001,-0.482551831306052
0.227019158947778,-0.468881930999156,-0.43392768949244
0.246582324263088,-0.413055921168688,-0.379741263369591
0.267021219355099,-0.351652923727314,-0.320219742662745
0.288233614238817,-0.284951304887529,-0.255640414824951
0.310113546928803,-0.213287221427632,-0.186336055486938
0.332551987709271,-0.137058521143316,-0.11269838159585
0.355437514748174,-0.0567262384612382,-0.0351791873027576
0.37865699133541,0.0271865702814221,0.0457110731073435
0.402096225019983,0.114098744472992,0.129407334081731
0.425640551378679,0.203377609469731,0.215296512291976
0.449175097670665,0.294347948916434,0.302726356269044
0.472582947313287,0.386302473723543,0.391015694448053
0.495684169699358,0.4784959671844,0.479449006747052
0.500112164403197,0.435258246236673,0.438101015125796
0.49797075806443,0.346946760480819,0.353506176872586
0.49552384947921,0.259443736809171,0.26960930786596
0.492854337064579,0.17357651222834,0.187210100900899
0.49003727558713,0.090143981291728,0.10708287550082
0.487147977378096,0.00990660121890746,0.029966784674665
0.484262378675405,-0.0664242328144512,-0.0434446304706664
0.481456649878619,-0.138194987818465,-0.112512180114901
0.47880665469251,-0.204816527245962,-0.176657627581122
0.476387370563604,-0.265768216876725,-0.23536798828603
0.474272302480402,-0.320599605693296,-0.288197518725041
0.472532903317876,-0.368929834038412,-0.334767530913108
0.471238008250885,-0.410445058855184,-0.374764299598473
0.470453288693998,-0.444894305486626,-0.407935444687572
0.470240730294171,-0.472084248824691,-0.43408526143784
0.470658138969695,-0.491873485301908,-0.453069528117542
0.471758678601389,-0.504166874655388,-0.464790338546906
0.473590443645641,-0.508910502636833,-0.469191481393532
0.476196069615763,-0.506087742669803,-0.466254819034049
0.479612384052844,-0.495716779977126,-0.455998010129053
0.483870100273861,-0.477849814443414,-0.438473779967236
0.488993555841335,-0.452573990790182,-0.413770782985944
0.495000497345399,-0.420013931440802,-0.382015937015116
0.501901912726311,-0.380335584483963,-0.343377953861628
0.509701911993264,-0.333750961067087,-0.298071659940278
0.518397656812654,-0.280523235216312,-0.246362605135851
0.527979339040463,-0.220971622302931,-0.18857140541495
0.538430207845349,-0.155475443387261,-0.125077257931928
0.549726644576917,-0.0844768202481373,-0.0563201052288878
0.561838283890362,-0.00848152506455824,0.0171989972722102
0.57472817861057,0.0719423782583383,0.094919646455863
0.588353003720801,0.15616832648198,0.176226192256745
0.602663289416277,0.243517555659612,0.260454229603391
0.617603655410847,0.333267817607825,0.346899382747934
0.633112943837254,0.424664251921589,0.43482811678019
0.649123690165696,0.516931868585411,0.523490041158517
0.665554445164402,0.609287083716545,0.612129244026602
0.675657321362984,0.655912409983718,0.656865679382117
0.666189329690866,0.566537537876378,0.571252016876462
0.656863192546872,0.476941352023105,0.485322232418176
0.647832787800499,0.387998500006654,0.399921293315284
0.639188881989369,0.300565486517564,0.315879603823527
0.631016112016506,0.21548452414798,0.234016429437465
0.623394860105338,0.133570347655393,0.155126932048272
0.616401214414063,0.0555978332224545,0.0799699118568321
0.610106667070367,-0.0177086479699644,0.00925715766930335
0.604577775165136,-0.0856837846964148,-0.0563552393192429
0.59987583577635,-0.147727620094525,-0.116273432338692
0.596056590951078,-0.203309568278844,-0.169970195497332
0.593169969030039,-0.251970279313338,-0.216987236286033
0.591259865431743,-0.293321610620289,-0.256935677365466
0.590363964615027,-0.327045075211236,-0.28949504928069
0.590513604182913,-0.352889220991745,-0.314411217218143
0.591733681582415,-0.370666442941469,-0.331493711817237
0.59404260345272,-0.380249735491183,-0.340612940813131
0.59745227732309,-0.381569853438069,-0.341697722478767
0.601968145039637,-0.374613267861061,-0.334733504939571
0.607589256997853,-0.35942118477507,-0.319761523238006
0.614308385971893,-0.336089748956443,-0.296879008372069
0.622112179061155,-0.304771397009418,-0.266240412420883
0.630981346019744,-0.26567716758753,-0.2280594659745
0.640890881994767,-0.219079637861967,-0.182611752939715
0.651810322474497,-0.165316046966034,-0.130237385993635
0.663704028034747,-0.104791098853524,-0.0713433026949383
0.676531496264398,-0.0379789139839991,-0.0064046824589632
0.690247698032992,0.0345763779334551,0.0640349912862592
0.704803434995243,0.112261846844367,0.139365634993449
0.720145714808788,0.194399115175745,0.218914348100218
0.7362181396945,0.280250070050512,0.301951465571323
0.752961301830402,0.369025006984137,0.387698931837454
0.770313172545533,0.459893126169915,0.475340903148335
0.788209447799158,0.551995147451743,0.564036337256511
0.80658369011112,0.644457623504161,0.652933151724467
0.825366104829148,0.736407965206372,0.741182992309619
0.844443131598729,0.826972316212928,0.827939492853169
0.835126348064275,0.780133289016707,0.782939233739515
0.815199505517113,0.686170980569599,0.692638454918559
0.794150795572584,0.590950465261413,0.600962246158614
0.772047110569871,0.495244832646594,0.508656485197505
0.748951788733512,0.399820530442295,0.416463839601432
0.724929926256304,0.305422883652975,0.325109580490292
0.700048630707065,0.212760245573613,0.235286017787712
0.674376781804293,0.12248944142337,0.147638120215872
0.647984694028112,0.0352031872920622,0.0627509903843666
0.62094375396106,-0.0485800840171845,-0.0188603744211154
0.593326052796896,-0.128423702827314,-0.0967587432205014
0.565204022095374,-0.203977395454874,-0.170589571363909
0.536650077136958,-0.274979050501174,-0.240083145693362
0.507736270853473,-0.341253726550458,-0.305054045103323
0.478533960680582,-0.402710125793481,-0.365398120803773
0.449113490314086,-0.459334858047268,-0.421087299074901
0.419543888090672,-0.511184898189163,-0.472162587465075
0.389892583493114,-0.558378693428338,-0.518725719493363
0.360225143075815,-0.601086402755927,-0.560929900581394
