"m.mean","",""
0.403332844950081,0.349028931296801,0.354424500024828
0.40070913682816,0.346531885961205,0.353896403647496
0.397744631418757,0.343903815970269,0.353274983338324
0.394426691327284,0.341157490889478,0.352541324473263
0.390743177582493,0.33830750635131,0.351672453645702
0.386682514187449,0.335369692051758,0.350640616594958
0.382233752107464,0.332360332189779,0.3494124925756
0.377386632342366,0.329295193022721,0.347948357511934
0.372131647732718,0.32618835869264,0.346201213982628
0.366460103154949,0.323050883921725,0.344115912448866
0.360364173768926,0.319889280460835,0.34162829502554
0.353836960993028,0.316703863154601,0.338664400284275
0.346872545896491,0.313486990982592,0.335139774787893
0.339466039716241,0.310221248245227,0.330958943939819
0.33161363122571,0.30687762095437,0.32601510087886
0.323312630705919,0.303413733200666,0.32019007709767
0.314561510294148,0.299772217506048,0.313354661713084
0.305359940512605,0.29587930159213,0.305369337353148
0.295708822808298,0.291643701215714,0.296085498942943
0.285610317965436,0.286955914298548,0.285347216802597
0.275067870282843,0.281688015008346,0.272993597022148
0.264086227440592,0.275694047174219,0.258861779762757
0.252671456012034,0.268811113838172,0.242790599808286
0.240830952609098,0.260861253224495,0.22462491338573
0.228573450679826,0.251654180325166,0.204220571218958
0.215909023007094,0.240990957073939,0.181449990429654
0.202849079986003,0.228668632240138,0.156208247933585
0.189406363783991,0.214485864408347,0.128419586307691
0.175594938512051,0.198249507653361,0.098044190842934
0.161430176557058,0.179782100012415,0.0650850649495093
0.146928741243879,0.158930150216524,0.0295948016824829
0.132108566011263,0.135573069418051,-0.00831797657289807
0.11698883029731,0.109632543354932,-0.0484827587398625
0.101589932338379,0.0810820885062079,-0.0906621283331996
0.0859334590893756,0.0499564857444239,-0.13454785750994
0.0700421534735231,0.0163607395803543,-0.179758376638725
0.0539398791657605,-0.019521826603133,-0.225837870728722
0.0376515831059889,-0.0574227557216023,-0.272257230085611
0.0212032559265143,-0.0969833516986239,-0.318417047887476
0.00462189046241646,-0.137751708662483,-0.363652812278478
-0.0120645615055848,-0.17918227606915,-0.407242385778624
-0.0288272341485907,-0.220638316669733,-0.448415801451046
-0.0456363940254165,-0.261397547928889,-0.486367334911246
-0.0624614879827741,-0.300661169702134,-0.520269735835077
-0.0792711924753334,-0.337566373204116,-0.549290424371545
-0.0960334642924777,-0.371202301320427,-0.572609379293191
-0.112715592710668,-0.400629292153687,-0.589438368497899
-0.129284253122754,-0.424901091520726,-0.599041101382438
-0.145705562227614,-0.443089572070881,-0.60075381941737
-0.16194513489459,-0.454311353624053,-0.594005788659408
-0.17796814284655,-0.457755588464306,-0.578339118461726
-0.193739375332469,-0.452712063912047,-0.553427306542937
-0.209223301984447,-0.438598689380915,-0.519091903759305
-0.224384138074431,-0.41498738234492,-0.475316703865581
-0.23918591240203,-0.381627352044712,-0.422258895207782
-0.253592538056015,-0.338464804663393,-0.360256663040678
-0.267567886297951,-0.28565816061372,-0.289832802730086
-0.281075863816386,-0.22358798303092,-0.211693994514405
-0.294080493593743,-0.15286096403647,-0.126725498061645
-0.30654599961519,-0.0743074972937769,-0.0359811473304812
-0.318436895629083,0.0110274245741768,0.0593313399295217
-0.329718078141907,0.101900018976034,0.157869582147367
-0.340354923796956,0.196890018971895,0.258179982601438
-0.35031339124538,0.294429023817415,0.358724962694562
-0.359560127570738,0.392834210265364,0.457913399128573
-0.368062579274258,0.490346507599771,0.554133559672326
-0.375789107767858,0.58517215557149,0.645787724803522
-0.382709109256176,0.675526417932005,0.731327597122018
-0.388793138817986,0.759678121832613,0.809289541347482
-0.394013038422093,0.835993639773828,0.878328668386514
-0.398342068533924,0.902978928728278,0.937250779827679
-0.401755042887413,0.959318290941547,0.98504122555415
-0.404228465913365,1.00390862090481,1.02088979690047
-0.405740672231322,1.03588804910638,1.04421087949856
-0.406271967528052,1.05465807948176,1.05465822086754
-0.405804770063358,1.05989853642843,1.05213382381707
-0.404323751964001,1.05157487999431,1.03679065261875
-0.401815979390393,1.02993770469857,1.00902902846905
-0.398271050589462,0.995514498301787,0.969486787142295
-0.393681230781929,0.949093991650776,0.919023467637644
-0.388041582774213,0.891703669891807,0.858698988701656
-0.381350092135473,0.824581230141485,0.789747443243829
-0.373607785739843,0.749140953589422,0.713546792298279
-0.364818842443733,0.666936104904094,0.631585364605631
-0.354990694648946,0.579618574304726,0.545426160471031
-0.344134119495181,0.488897035102541,0.456670015957991
-0.332263318430691,0.396494901072532,0.366918703786232
-0.319395983928237,0.304109334638991,0.277739030089693
-0.305553352145162,0.213372481166574,0.190628932530521
-0.290760240371776,0.125815990780389,0.106986497665871
-0.275045068171395,0.0428397425315225,0.0280826977529354
-0.258439861188179,-0.0343144871329911,-0.0449614956779327
-0.240980236685193,-0.104583861486993,-0.111193126262131
-0.222705369974522,-0.167099479236248,-0.169840074842439
-0.203657941013177,-0.221195388324769,-0.220318549278556
-0.183884060562368,-0.266411679463987,-0.262235281503806
-0.163433175442535,-0.302491911465002,-0.295384642546417
-0.142357952561387,-0.329375292635088,-0.319741043071997
-0.120714141546033,-0.34718419075946,-0.335447123874974
-0.0985604159716725,-0.35620766402653,-0.342798353059371
-0.075958193347161,-0.356881793465793,-0.342224730971585
-0.0529714341903094,-0.349767652241702,-0.334270358131924
-0.0296664207017049,-0.335527768102322,-0.319571644658403
-0.00611151572342311,-0.314901923437412,-0.29883493253659
0.0176230971534423,-0.288683095088678,-0.272814266400207
0.0414656912926326,-0.257694266772971,-0.242289987248651
0.0653432913157412,-0.222766755192798,-0.20804874072279
0.089181982624945,-0.184720581812503,-0.170865391933707
0.112907234605619,-0.144347301528459,-0.131487227639787
0.13644423581723,-0.102395572891797,-0.0906207092774581
0.159718239339269,-0.0595596278835162,-0.0489209224082463
0.182654916309116,-0.0164706778553665,-0.00698375468158352
0.205180715572004,0.0263088191087738,0.0346592699810405
0.227223227261126,0.0682882015317241,0.075543664747613
0.248711548039494,0.109049211082719,0.115272400135436
0.269576645665669,0.148244476220112,0.153514368232519
0.289751720493742,0.185594228335025,0.190001226804454
0.309172561484836,0.22088162748294,0.224522979237712
0.327777894293516,0.25394707771349,0.256922648397456
0.34550971899825,0.284681898022359,0.287090388438456
0.362313635070795,0.31302168656267,0.314957350781697
0.378139151225078,0.338939675944233,0.340489581706317
0.39293997785179,0.362440329469287,0.363682182438269
0.406674299830132,0.383553375333652,0.384553911466895
0.419305027612508,0.402328421391373,0.403142356226
0.430800024600833,0.418830240004596,0.419499750128409
0.441132308973538,0.433134763348773,0.433689463755736
0.450280228279502,0.445325786392026,0.445783157812225
0.458227605287653,0.455492339134199,0.455858551742047
0.464963853767722,0.463726662507854,0.463997736596537
0.470484063077016,0.470122703963868,0.470285944162515
0.474789050638619,0.47477503900097,0.474810676328361
0.477885381616413,0.477778123087369,0.477661098497823
0.479785355319932,0.479225783506393,0.478927607495419
0.480506958105556,0.479210871285332,0.478701496477639
0.480073782777911,0.477825007997455,0.477074655316084
0.478514914734657,0.475158379240361,0.474139263114183
0.475864785337178,0.471299544390512,0.469987448341942
0.472162993226983,0.466335249330583,0.464710910023273
0.467454094540951,0.460350243955434,0.458400509186586
0.461787363206007,0.453427118354932,0.451145852352497
0.455216522713425,0.445646179920889,0.443034897452224
0.447799450982983,0.437085397830805,0.43415361684786
0.439597860125809,0.427820441352546,0.42458575199888
0.430676953100434,0.417924834435255,0.414412690045111
0.421105059427596,0.407470241627786,0.403713484697707
0.410953252284528,0.39652689025475,0.392565033125383
0.400294949437307,0.385164121913797,0.381042407947305
0.389205500589445,0.373451053773998,0.369219330056683
0.377761763825061,0.361457317926993,0.357168754893546
0.366041673905134,0.349253836205731,0.344963533015614
0.354123805234633,0.336913579371815,0.332677096329454
0.34208693235647,0.324512254148606,0.32038411492017
0.330009590844847,0.312128859796941,0.308161066620991
0.31796964146564,0.29984605809772,0.296086662608654
0.306043840445,0.287750306755782,0.284242077441668
0.294307418639659,0.275931716134598,0.27271094085096
0.282833672333985,0.264483602374568,0.26157906076426
0.271693568300107,0.253501725612831,0.250933861789505
0.260955365649397,0.243083219298613,0.240863539810295
0.250684256876965,0.233325234445842,0.231455950445082
0.240942030356903,0.224323339982103,0.222797265817979
0.231786756385786,0.21616973604526,0.214970449317702
0.223272498696923,0.208951350129728,0.208053610793856
0.21544905317941,0.202747895521905,0.202118314109362
0.208361715335746,0.19762997682029,0.197227914483951
0.202051077801244,0.19365732809116,0.193436004216762
0.196552859029482,0.190877265225921,0.190785042025971
0.191897764022235,0.189323425493965,0.189305233530522
0.188111377751674,0.189014854563598,0.189013718738234
0.185214091688748,0.189955485092488,0.189914107460239
0.18322106361662,0.192134032285585,0.191996386217284
0.182142210673477,0.195524311661441,0.195237201466498
0.18198223533684,0.200085963829729,0.199600504974925
0.182740683833517,0.20576555155555,0.205038529034224
0.184412036237112,0.212497976906067,0.211493043031944
0.186985827300366,0.220208151850997,0.218896829629377
0.190446796864007,0.228812845138989,0.227175309222831
0.194775068488777,0.238222622174935,0.236248236032207
0.199946354774232,0.248343793281504,0.24603138835259
0.205932187658079,0.259080289153454,0.256438179225457
0.212700171834328,0.270335390228385,0.267381121762914
0.220214259288469,0.282013248557812,0.278773095059035
0.228435042824037,0.294020155792638,0.290528371292339
0.237320066348155,0.306265528143603,0.302563381334018
0.246824149594418,0.318662597569035,0.314797213884798
0.256899724890348,0.33112881685891,0.327151860776975
0.267497183523825,0.343586003624887,0.339552237523363
0.278565229228614,0.355960263456144,0.351926022481081
0.290051236293271,0.368181744791024,0.364203369277078
0.301901609800235,0.380184286710041,0.376316554757103
0.314062145522516,0.391905025432283,0.388199628241529
0.326478387043542,0.403284025601453,0.399788127120951
0.339095977721045,0.414263998543061,0.411018918879134
0.351861005187473,0.424790161869754,0.421830220815259
0.364720336166665,0.434810283637783,0.432161836599589
0.377621939488408,0.444274940427473,0.441955634070931
0.39051519529808,0.45313800308425,0.451156272244525
0.403351188586698,0.461357347345464,0.459712168303314
0.416082985306276,0.468895770148426,0.467576678378341
0.42866588948505,0.475722076990854,0.474709450137343
0.441057679915803,0.481812292136113,0.481077891459297
0.453218825156592,0.487150932431941,0.486658688506803
0.465112675755541,0.491732277587421,0.491439298875351
0.476705632788505,0.495561565284561,0.49541934155817
0.487967291978932,0.498656038644572,0.498611805367361
0.498870562851844,0.501045776284903,0.501044001137898
0.509391762557086,0.502774241269676,0.502758190260087
0.519510684179559,0.503898494295985,0.503811832420986
0.529210639534676,0.504489027972039,0.50427740833902
0.538478476624632,0.504629192447772,0.504241788112553
0.547304572103845,0.504414197329643,0.503805131892204
0.555682799269194,0.503949690121289,0.503079326245519
0.563610472251112,0.503349926784962,0.50218597616493
0.57108826723447,0.502735564878926,0.501253988595389
0.578120121682267,0.502231123634973,0.500416798133845
0.584713112669878,0.501962167926348,0.499809298783151
0.590877315562033,0.502052284053861,0.499564557029847
0.596625644378276,0.502619924437865,0.499810390848047
0.60197367529475,0.503775205498157,0.500665906371188
0.606939454820324,0.505616748127547,0.502238088831319
0.61154329426296,0.508228653135441,0.504618546882608
0.61580755216748,0.511677704779932,0.507880509553342
0.619756406458423,0.516010893940992,0.512076172757289
0.623415618061303,0.521253348526352,0.517234487481801
0.62681228780237,0.527406752257017,0.523359474393045
0.629974608400932,0.534448323974731,0.530429139604815
0.632931613369698,0.542330418007416,0.538395053723827
0.63571292462754,0.55098079194036,0.547182641047503
0.638348500606072,0.560303571480742,0.556692208074543
0.640868386596695,0.570180923198921,0.566800720535832
0.643302469038862,0.580475425148573,0.57736431634464
0.645680235393775,0.591033103226808,0.588221518734878
0.648030541181047,0.601687078302899,0.599197090091355
0.650381385679774,0.612261746423104,0.610106443402165
0.652759697710577,0.622577392697682,0.620760505814361
0.655191132822246,0.632455119764908,0.63097090844772
0.657699883106369,0.641721954983109,0.640555359423454
0.66030850075661,0.650215987648627,0.649343043944955
0.663037736376791,0.657791379380164,0.657179887054181
0.665906392924664,0.664323087974805,0.663933512023597
0.668931196056838,0.66971114792515,0.669497730635346
0.672126681515835,0.67388435952046,0.673796410975207
0.67550510007335,0.676803252881426,0.676786583660243
0.679076340415511,0.678462212956142,0.678460668160117
0.682847870227007,0.678890675728037,0.678847726322186
0.686824695602294,0.678153333725177,0.678013679396099
0.691009338784507,0.676349319277235,0.676060456626932
0.695401834107025,0.673610365644885,0.673124076595121
0.699999741889666,0.670097977922354,0.669371695647291
0.704798179921953,0.665999676307971,0.66499768975164
0.709789872050633,0.661524402878916,0.660218865806438
0.714965213278191,0.656897208483929,0.655268924879894
0.720312350674387,0.652353358065207,0.650392322318193
0.725817279304206,0.648132010131873,0.64583768760145
0.731463952283943,0.644469638933175,0.641850979948409
0.737234403992667,0.641593376007432,0.638668563860823
0.743108885389851,0.639714451252982,0.636510392110584
0.749066010321605,0.639021912631294,0.63557348227798
0.755082911638417,0.63967679828812,0.636025867090595
0.761135405896649,0.641806925510591,0.638001188761435
0.767198165374684,0.645502447766865,0.641594093549584
0.773244896102694,0.650812314318677,0.646856565111981
0.779248520582662,0.657741746751143,0.65379531409978
0.785181363862548,0.666250823415309,0.662370317084904
0.79101534162548,0.676254236434733,0.672494570507495
0.796722148961311,0.687622256855674,0.684035095196545
0.802273448503845,0.700182912093332,0.696815194521356
0.807641056642204,0.713725346562807,0.710617934914369
0.812797126548913,0.728004301981244,0.725190782081864
0.817714326810058,0.742745619182939,0.740251290603486
0.822366014493787,0.757652629492273,0.755493709928046
0.826726401552171,0.772413272008824,0.770596337286554
0.83077071351739,0.786707744950671,0.785229419168852
0.834475339525803,0.800216475895708,0.799063379197666
0.83781797278214,0.812628178730025,0.81177713288635
0.840777740660058,0.823647755582499,0.823066240135439
0.843335323724021,0.833003800969269,0.832650645402656
0.845473063050047,0.840455473417439,0.840281763909683
0.847175055318657,0.845798517184058,0.845748690228258
0.848427235251496,0.84887024305453,0.848883332827566
0.849217445062775,0.849553311812917,0.849564313859491
0.849535490697135,0.847778205556895,0.847719516303499
0.84937318472593,0.843524318878017,0.84332720883642
0.848724375873408,0.836819651988607,0.836415730322021
0.847584965242157,0.827739138858751,0.827061768276263
0.845952909402595,0.816401692938005,0.815387316597853
0.843828210603564,0.802966098728433,0.801555444847111
0.84121289444947,0.787625917190088,0.785765052191569
0.838110975473312,0.770603604862012,0.768244811928625
0.834528411113639,0.75214406927154,0.749246535806289
0.830473044676521,0.732507895799679,0.72903820028642
0.825954537930436,0.711964483350884,0.70789687910371
0.820984294042161,0.690785318192411,0.686101818226914
0.81557537161492,0.669237597971045,0.66392787143984
0.809742390635892,0.647578392445853,0.641639488527628
0.803501431178516,0.626049495534869,0.619485415166921
0.796869925735605,0.604873086763738,0.597694226033948
0.789866546082136,0.584248281162333,0.576470772458293
0.782511085581613,0.564348607124369,0.555993585264021
0.774824337857176,0.545320413652586,0.536413234236983
