"m.ei","ei","ei"
3.15211453078982e-05,0.0407669081510711,0.00908609686358027
1.56360319622787e-05,0.0385046801791618,0.00813522135398557
6.9066341219557e-06,0.0359181289853026,0.00711243702598992
2.63935412266743e-06,0.0330035916261007,0.00603913947849785
8.3944700881288e-07,0.0297723360264904,0.00494545392035082
2.10715292270251e-07,0.0262551332654731,0.00386997733962251
3.87523199869763e-08,0.0225072238560207,0.00285800806841717
4.69194565028289e-09,0.0186133531785134,0.0019576088202142
3.19214542970264e-10,0.0146921680044109,0.00121295003782576
9.57249066719503e-12,0.0108984873960927,0.00065495430967289
8.58267664307592e-14,0.00742043970451619,0.000290775369617484
1.19833019942911e-16,0.00446572480271139,9.6459906171384e-05
8.11114303930167e-21,0.00222731261736365,2.02198831901193e-05
2.77575911698859e-27,0.000817089236557866,1.94724467501117e-06
3.70006449202572e-38,0.000172332458882166,4.38728650850034e-08
1.03260869199476e-58,1.15703628220612e-05,4.40401007633884e-11
2.3732882194265e-105,4.17553701521365e-08,1.20163630163568e-17
5.19330855705219e-253,3.00937481570195e-15,8.62780042246142e-38
0,3.60817108264205e-65,2.86357767450695e-184
0,0,0
0,2.28971095180484e-25,4.81220716165742e-68
1.35892286218056e-156,4.84029689545807e-10,1.50170861873857e-23
7.80450049848947e-78,3.10381652679687e-06,5.6421121689615e-13
1.55427160724281e-47,0.000118842283810285,8.34720549402489e-09
1.02942692709958e-32,0.000829985896154269,1.05533822954361e-06
2.40764050754918e-24,0.00275563960030559,1.77632397517486e-05
3.83070314346857e-19,0.00622900196177722,0.000108928404990538
1.11315258754642e-15,0.0112702125080304,0.000378698413978357
2.98349720310251e-13,0.0177306185344472,0.000930296553594097
1.76588237093639e-11,0.0254101685955441,0.00182132122850026
3.82412354576142e-10,0.0341186177045979,0.00304972025666553
4.1257733683521e-09,0.0436992255645963,0.00456341065964981
2.70187995980029e-08,0.0540329179230039,0.00627852426083177
1.22465014438495e-07,0.0650333273124072,0.00809691226019314
4.20375964637435e-07,0.0766378418011683,0.00991943936335041
1.16437858814284e-06,0.0887969703114389,0.0116547259428173
2.72428758214433e-06,0.101462992445032,0.0132241150546074
5.56848341875525e-06,0.114578285642059,0.0145637965981361
1.0197469441215e-05,0.128063524778618,0.0156248247645657
1.70542603929372e-05,0.141805935351513,0.0163714794514607
2.64330404512935e-05,0.155647855384289,0.0167781220408336
3.84050276827573e-05,0.169375972803139,0.0168243608856208
5.27734108345513e-05,0.182711724325313,0.0164878881028818
6.906137358699e-05,0.195303448400914,0.0157336130641129
8.6530929396963e-05,0.206720963445074,0.0144963952817017
0.00010422638198304,0.21645328290726,0.0126522171813425
0.000121034546414668,0.223910174286759,0.00996814162401008
0.000135753830462035,0.22842821745152,0.00601424693459257
0.000147165241781022,0.229281918691484,0.000228468003544695
0.000154099827105494,0.225700291925724,0.0026902049752437
0.000155498608673896,0.216889127223207,0.00207740019132604
0.000150462573845194,0.202058925590342,0.000627708321600602
0.000138291698363142,0.180458178666961,3.87055329225808e-05
0.000118513780042397,0.151411297170501,4.13428049611502e-08
9.09088112181013e-05,0.114360023683945,2.65407952061774e-17
5.55700918184966e-05,0.0689066041834179,1.85353769529885e-64
1.44334550100366e-05,0.0148573099325548,0
0.0101246439183687,0.000344728156620467,4.34375401278324e-317
0.0231856917537714,0.000452830291464015,2.22478405335551e-82
0.0357136474366426,0.000361723011108585,1.63497705366939e-46
0.0476717829295849,0.000220037570399352,2.44067624927476e-34
0.0590238748083848,0.000104982953719246,5.11414492206915e-29
0.0697341373892033,3.82643166072315e-05,1.22707928653195e-26
0.0797673387084859,9.97716586408182e-06,6.29579140401143e-26
0.0890889375782613,1.66195679042537e-06,1.91198319042826e-26
0.097665227259029,1.4677052746476e-07,4.0204435495646e-28
0.105463482560938,5.02026417997609e-09,3.67581385014512e-31
0.112452109088617,3.81792457006389e-11,4.29459342115282e-36
0.118600793866322,2.25137816012454e-14,4.94501934527707e-44
0.123880656814897,1.13874658359072e-19,2.32079124285796e-57
0.128264402727708,2.56212392149827e-29,8.79227203342244e-82
0.131726473579824,5.61529751484984e-50,8.38423407034093e-134
0.134243201244311,1.31247253840306e-108,1.44066929907494e-279
0.135792961027337,0,0
0.136356326938959,0,0
0.135916230404841,0,0
0.134458125398627,2.67934795188862e-110,1.59946209715044e-236
0.131970165103522,4.133920920013e-51,1.99381399883743e-104
0.128443398884308,3.5654448475975e-30,5.2508417327316e-59
0.123872004906266,2.31266893306476e-20,2.51367220044239e-38
0.11825358587694,5.86102431264982e-15,2.85115377006619e-27
0.111589578803652,1.18252727958618e-11,1.01821748123997e-20
0.103885876949882,1.7648283508847e-09,1.49606381870782e-16
0.095153862766275,5.67128007034467e-08,8.99474119918481e-14
0.0854122776004916,6.89653894366993e-07,7.25112062930302e-12
0.0746909022863636,4.3672495986407e-06,1.50102365149999e-10
0.0630384533677572,1.74103058450178e-05,1.14341560686923e-09
0.050541171762211,4.90222382586731e-05,3.83051602544549e-09
0.0373712950667762,0.000104247252934386,5.81121643656461e-09
0.0239275638952196,0.000172377995540309,3.40066295690908e-09
0.0112713572529688,0.000218402066967289,4.42878692875867e-10
0.00222791966519393,0.000191394325650479,2.24125669525872e-12
8.57689109686411e-06,7.65477543689013e-05,2.4316229907174e-19
5.05912077160175e-29,5.86589543440549e-07,1.11017080234178e-64
0,1.32949206888255e-10,0
3.33769865762256e-33,0.0170785411595268,3.38022179577912e-16
4.74407232578247e-18,0.053180750029778,2.55374413847877e-06
1.03559073503469e-13,0.0857260591312422,0.000438673971445892
8.51315304278868e-12,0.112273703304365,0.00327279501753945
8.69585945928833e-11,0.132753808277775,0.00901851897870311
3.22952010138024e-10,0.147561733183705,0.0161990226556529
6.70641677073804e-10,0.157249667428898,0.0232928016938223
9.53122165435779e-10,0.162432010225956,0.029351934484203
1.02911391045179e-09,0.163740087107146,0.0339279455821775
8.93218622176138e-10,0.161794062565613,0.0368982868597816
6.42228336863626e-10,0.157183553315302,0.0383316937791908
3.8786199722134e-10,0.150454117060179,0.0383998798226244
1.97279158191092e-10,0.142098416301448,0.0373222315203954
8.39931872674906e-11,0.13255136450296,0.0353318797145223
2.95172551546282e-11,0.122188717157343,0.0326554957653017
8.37517734753787e-12,0.111328607508595,0.0295020299281368
1.85989682985518e-12,0.100235527859089,0.0260573493873423
3.09960019093729e-13,0.0891262537287201,0.0224827405149114
3.66567259834063e-14,0.0781772105704353,0.0189158183736252
2.85610567147705e-15,0.0675327912858337,0.0154727203228334
1.32763458552969e-16,0.0573141388008751,0.0122506536430233
3.22012960177893e-18,0.0476278935695507,0.00932998030303288
3.3913463810914e-20,0.038574341387539,0.0067751025297064
1.19981527029576e-22,0.0302542365503703,0.00463352165213138
9.88235039755636e-26,0.0227732527600171,0.00293268646608975
1.10661060046941e-29,0.0162424452403676,0.0016748122044139
7.46220836199785e-35,0.010772230424308,0.000831002593469925
8.42788819739802e-42,0.00645633075479633,0.000337928485389543
1.94468601137776e-51,0.0033417309005293,0.000102486674172763
2.36789824204843e-65,0.00138380944203269,1.97283027765136e-05
1.6709084387465e-86,0.000399286733135819,1.79264241906956e-06
6.23842520310394e-121,6.10117659447531e-05,4.23512523587573e-08
1.40503373593555e-182,2.65962611157979e-06,6.66711675250998e-11
6.52468643710925e-310,6.20959835117331e-09,1.69219676393534e-16
0,1.84989147138369e-15,8.99945219412803e-31
0,1.9676646213394e-42,4.22752993083986e-91
0,0,0
0,3.6936980715485e-112,2.17829032979437e-247
0,4.67041115741817e-24,2.09376869766829e-49
0,8.70270640332371e-12,2.20054420275244e-22
1.61935060670573e-250,1.0189596991246e-07,1.16601506082936e-13
1.54853014305554e-160,8.01149598635447e-06,1.02786888993724e-09
5.27286806909383e-113,9.262563738092e-05,1.43767006496841e-07
7.56115290379494e-85,0.000432604605163667,2.94418035278755e-06
8.49280833159335e-67,0.00123527242579499,2.17122286150567e-05
1.53281441007377e-54,0.00262698021341491,8.80000229603018e-05
7.50994681924927e-46,0.00461972769207658,0.000244473514484273
1.7573780569874e-39,0.00713441837379821,0.000527541186688434
1.07996698495032e-34,0.0100382984299967,0.000953383739620458
5.0489649822773e-31,0.0131760325611532,0.00151340886274029
3.58029430516204e-28,0.0163901118912895,0.00217729363041272
6.10947004999168e-26,0.0195323721289572,0.00289961000207184
3.44018610796531e-24,0.0224695114402659,0.00362701369869146
7.95671743072956e-23,0.0250850274499465,0.00430449438506908
8.7994269206211e-22,0.0272792794128825,0.00488026212794254
5.1600688593522e-21,0.0289688040429675,0.00530940303404962
1.71412692295155e-20,0.0300856180667984,0.00555664166028212
3.34089935700961e-20,0.0305769881242369,0.00559855623949357
3.84610829088954e-20,0.0304059936488285,0.00542550068204856
2.55691938697687e-20,0.029553117413134,0.00504333817623908
9.27751553005991e-21,0.0280190496159989,0.00447489350951589
1.662264237424e-21,0.0258288677640031,0.00376077146797251
1.25159614129582e-22,0.023037732866607,0.00295884380806704
3.07355364412776e-24,0.0197381708430035,0.00214127145274044
1.64875876450386e-26,0.0160687561151356,0.00138748831453519
1.00817655818046e-29,0.0122232551357492,0.000771499560527066
2.33844896913151e-34,0.00845723144278976,0.000343176529347157
2.86513064721511e-41,0.00508400732379402,0.000107980708698535
4.08861332915954e-52,0.00244069104310136,1.90282666138089e-05
1.8881012571061e-70,0.000787571560403261,1.1467977728217e-06
4.12198012783596e-105,0.000113441385577806,7.05444136284856e-09
1.7478029851247e-183,2.15474058280039e-06,1.08219324477946e-13
0,2.51161588783987e-11,2.14729636250445e-28
0,3.00834158201043e-45,4.40343739995661e-135
0,0,0
0,7.65751768404917e-19,1.22271337965882e-51
7.03134629724676e-249,4.19155078331451e-08,1.08277138780294e-18
6.2915823162533e-123,2.33826932653677e-05,9.25947245000379e-11
5.06249861886805e-75,0.00034530465356121,1.36318783810859e-07
6.8226630530732e-52,0.00148111446697991,5.60364026853492e-06
4.94443742273435e-39,0.00364926835214864,4.97454876552708e-05
3.4355726402234e-31,0.00669667985154943,0.000202961371064089
4.27167325656156e-26,0.0103061700824433,0.000531590919744853
1.22520005439701e-22,0.0141452095679179,0.00105688824248533
3.17980780290631e-20,0.0179276361882246,0.00174893626315157
1.63112401647312e-18,0.0214292299180184,0.00254317109118469
2.64455984906132e-17,0.0244849032435321,0.00336091228186284
1.81488910203037e-16,0.0269802365082621,0.00412520718812029
6.34366676541229e-16,0.0288423643054505,0.00477051157443958
1.2689964030678e-15,0.0300319422833805,0.00524746758695153
1.55803706849263e-15,0.0305366608532121,0.00552447807586936
1.21651941564885e-15,0.0303663282139484,0.00558744287022723
6.0864370305652e-16,0.0295494084786758,0.00543856260119145
1.91642355894274e-16,0.028130864324524,0.00509472283674021
3.63262653610304e-17,0.0261711354361515,0.0045856711894233
3.84608798923944e-18,0.0237460501008511,0.00395197284234258
2.03049877892997e-19,0.0209473986014479,0.00324255528003606
4.52912290058056e-21,0.0178837736807043,0.00251152716628341
3.35718718485981e-23,0.0146810755730955,0.00181390429952098
5.8225802898624e-26,0.0114817426159894,0.00119996754529379
1.40153348455849e-29,0.00844125101568121,0.000708346493891677
2.10651040482028e-34,0.00571971373083315,0.000358752718852761
5.58136408839012e-41,0.00346568051515362,0.000146676329872076
3.21795277452449e-50,0.00178932867483175,4.38587408121844e-05
1.04402211752993e-63,0.00072558846919438,8.09895734294016e-06
2.02922622583891e-84,0.000199360922089567,6.76816159769261e-07
1.89691352292583e-118,2.76657037111089e-05,1.36810551947864e-08
6.23131815989783e-180,9.99313824298953e-07,1.6004382007913e-11
4.78334858491424e-308,1.56324403872437e-09,2.17344662566344e-17
0,1.63051280330581e-16,2.26005638797506e-32
0,2.04743049986671e-45,1.06904971046711e-95
0,0,0
0,2.10819738591029e-119,1.08220997048133e-258
0,2.0978155217596e-25,1.69198715576232e-51
0,2.2776960947433e-12,2.80742191058775e-23
2.76107003407635e-279,4.55510223449086e-08,3.44673747387894e-14
6.28595188618201e-183,4.47733529913746e-06,4.32188053772034e-10
9.86580722973874e-132,5.76757058329661e-05,7.18515776301717e-08
2.85712235383524e-101,0.000284648141621171,1.61106345132537e-06
1.08597784441621e-81,0.00083475604721372,1.24510881814597e-05
2.15480314086843e-68,0.00179170725384332,5.15074765118421e-05
5.40031765772127e-59,0.00314237827957477,0.000143477791571757
3.70248211026133e-52,0.00479616406534829,0.000306353580144781
4.32681555122472e-47,0.0066191194372899,0.000541925280830436
2.69392977749227e-43,0.00846355021073409,0.000833955283909368
1.86301844298375e-40,0.0101882805075983,0.00115244176704415
2.32286245138259e-38,0.0116707850301779,0.00146056281449085
7.2040961326383e-37,0.012813656994163,0.00172167909969796
6.86074064294346e-36,0.0135475478029355,0.00190504131752724
2.28433833503649e-35,0.0138320660272787,0.00198975164128824
2.84123449738145e-35,0.0136555578137473,0.00196698611466113
1.33492251176688e-35,0.0130342694359492,0.00184063980151483
2.271103048664e-36,0.0120110806549511,0.00162655446368288
1.2651544875665e-37,0.0106537459790924,0.00135043255131247
1.94430464088564e-39,0.00905234892137658,0.00104450343092355
6.32676400963856e-42,0.00731543534989815,0.000743049927837965
2.93364847599785e-45,0.00556404388648665,0.000477089887234794
1.07315105695964e-49,0.00392264607717545,0.000268896235021124
1.26503683631628e-55,0.00250602308126113,0.000127622041418245
1.19533759573714e-63,0.00140177058508345,4.78542758871076e-05
9.61996909009737e-75,0.000650275150032701,1.28068180148762e-05
1.49420993196316e-90,0.000228686710452882,2.06409079819797e-06
5.00529526752123e-114,5.20477598670867e-05,1.48139978697654e-07
6.73524870512355e-151,5.66826021002734e-06,2.64786129397e-09
1.62551882667626e-213,1.55565018768123e-07,3.39857478217103e-12
0,2.21536237021741e-10,1.43148281807706e-17
0,1.2515833700147e-16,1.38368917858984e-29
0,7.01770427491727e-36,3.61084495524353e-67
0,1.15202662076907e-176,0
0,0,0
0,6.38762944335418e-67,5.33345342875371e-128
0,2.05465333122753e-23,1.19648956019128e-42
0,5.26341861673285e-13,1.67570364117459e-22
1.83047969729478e-262,7.05114234536543e-09,1.19697622801552e-14
1.41075745350114e-177,8.64738622796019e-07,9.52191711931386e-11
4.37534657616758e-130,1.43937380532039e-05,1.6433972760507e-08
6.6333546194683e-101,8.76673158071885e-05,4.22643963732902e-07
9.44713485396519e-82,0.000302400842105314,3.76102858547813e-06
1.47143347034771e-68,0.000734627168274465,1.7572302260926e-05
3.83118713318837e-59,0.00141593493148845,5.40384860906072e-05
3.01339680003124e-52,0.0023218587066156,0.000124722449635563
4.1501843568376e-47,0.00338202747712813,0.000234138994451179
3.04415672006609e-43,0.00449889565533169,0.000376317728562693
2.45954208466384e-40,0.00556633298039225,0.000535530997506139
3.55458035435361e-38,0.00648452374197415,0.000690034431388232
1.27319865709615e-36,0.00717055590987104,0.000817024599792394
1.40389964211854e-35,0.00756523032575684,0.000897347740734146
5.46598832487446e-35,0.00763685533013123,0.000919060368645941
8.09755421620182e-35,0.00738266153942729,0.000879410137423396
4.6619996712455e-35,0.00682823435539342,0.000785110094492118
1.01198376939286e-35,0.00602512024543902,0.00065096905213847
7.60190181951953e-37,0.00504655398082391,0.000497088225650866
1.69680217889404e-38,0.00398110302601506,0.000345005013707034
8.85205715244265e-41,0.00292398037289965,0.000213400194688883
7.50194716008092e-44,0.00196594181361697,0.00011427570837198
5.96636587768928e-48,0.00118024608006819,5.0746715186257e-05
1.92301519759486e-53,0.000609377604140301,1.75067521319901e-05
6.7029149044654e-61,0.000255260712993747,4.23613817003323e-06
2.90706256889851e-71,7.89208120688099e-05,6.08488642901334e-07
3.76606647375591e-86,1.53171917808811e-05,3.89218836128466e-08
1.49099652812008e-108,1.38611627631767e-06,6.51811527518085e-10
1.65137186811311e-144,3.2147736357855e-08,9.75550058146113e-13
8.38899029259964e-208,4.88450978680158e-11,1.11280409575283e-17
0,1.17653416378334e-16,1.13960737331641e-27
0,6.02447380892395e-31,2.20117735810129e-53
0,4.21098167389855e-91,1.28360949162526e-162
0,0,0
0,3.17547159586511e-243,0
0,4.10417920304105e-48,1.38040899889047e-84
0,1.3557179615426e-21,1.34612544177786e-36
5.8657661837139e-196,4.66516253671721e-13,2.60419687901337e-21
2.47713964827146e-120,3.33569127800519e-09,1.69121091296324e-14
2.91250200743377e-81,4.16333157113585e-07,7.57423209270797e-11
1.35369856611857e-58,7.99523924925829e-06,1.20265223735565e-08
2.44771198655533e-44,5.69388920065679e-05,3.30494430294299e-07
8.09033866632951e-35,0.000227172290643943,3.29356701737913e-06
3.65767344309788e-28,0.000629787911584033,1.74716544364523e-05
2.45442283174813e-23,0.00137045119650709,6.12208703353869e-05
9.93161322076187e-20,0.00251943046729492,0.00016125556230468
5.76447494569334e-17,0.00410018633037239,0.000346407335226531
8.38694693453928e-15,0.00609292096539058,0.000640343132691385
4.43836786208836e-13,0.00844546692835712,0.00105652630126107
1.10320129944506e-11,0.0110857433002879,0.00159649101333806
1.54213382267833e-10,0.0139327520544837,0.00225085991406299
1.38028071164948e-09,0.0169050221202129,0.00300195564412966
8.7010528719658e-09,0.0199264386793771,0.00382695354068642
